timestamp,Q,I,F,phase_deg
23.0,-17.6,8.0,131328,-65.56
54.0,8.6,26.5,4104,17.98
85.0,-6.0,18.2,131328,-18.25
116.0,9.1,26.6,4104,18.89
148.0,-6.2,18.3,131328,-18.72
179.0,8.6,26.9,4104,17.73
210.0,-6.1,18.3,131328,-18.43
241.0,8.9,26.7,4104,18.43
272.0,-6.1,18.4,131328,-18.34
304.0,9.0,26.7,4104,18.63
335.0,-6.0,18.4,131328,-18.06
366.0,8.5,26.6,4104,17.72
397.0,-5.8,18.1,131328,-17.77
428.0,8.6,26.9,4104,17.73
460.0,-5.9,18.3,131328,-17.87
491.0,8.9,26.6,4104,18.50
522.0,-5.9,18.3,131328,-17.87
553.0,8.9,26.8,4104,18.37
584.0,-5.7,18.4,131328,-17.21
615.0,9.0,26.6,4104,18.69
647.0,-6.0,18.3,131328,-18.15
678.0,8.6,26.4,4104,18.04
709.0,-5.8,18.4,131328,-17.50
740.0,8.6,26.7,4104,17.85
771.0,-5.8,18.3,131328,-17.59
803.0,8.6,26.4,4104,18.04
834.0,-5.9,18.5,131328,-17.69
865.0,7.9,26.7,4104,16.48
896.0,-5.9,18.5,131328,-17.69
927.0,9.2,26.9,4104,18.88
959.0,-6.0,18.4,131328,-18.06
990.0,8.8,27.0,4104,18.05
1021.0,-5.9,18.5,131328,-17.69
1052.0,8.6,27.0,4104,17.67
1083.0,-5.8,18.6,131328,-17.32
1115.0,8.4,26.9,4104,17.34
1146.0,-5.8,18.5,131328,-17.41
1177.0,9.2,26.7,4104,19.01
1208.0,-5.9,18.5,131328,-17.69
1239.0,8.9,26.8,4104,18.37
1270.0,-5.8,18.4,131328,-17.50
1302.0,8.8,26.4,4104,18.43
1333.0,-5.8,18.5,131328,-17.41
1364.0,8.5,26.9,4104,17.54
1395.0,-5.7,18.5,131328,-17.12
1426.0,8.5,26.7,4104,17.66
1458.0,-5.8,18.4,131328,-17.50
1489.0,8.4,26.6,4104,17.53
1520.0,-5.9,18.4,131328,-17.78
1551.0,8.6,27.0,4104,17.67
1582.0,-5.7,18.6,131328,-17.04
1614.0,9.2,26.8,4104,18.95
1645.0,-5.9,18.8,131328,-17.42
1676.0,8.5,26.9,4104,17.54
1707.0,-5.8,18.9,131328,-17.06
1738.0,8.9,27.2,4104,18.12
1769.0,-6.0,19.4,131328,-17.19
1801.0,8.6,27.1,4104,17.61
1832.0,-6.0,19.3,131328,-17.27
1863.0,9.5,27.3,4104,19.19
1894.0,-5.8,19.6,131328,-16.48
1925.0,8.6,26.9,4104,17.73
1957.0,-5.8,19.6,131328,-16.48
1988.0,8.8,27.4,4104,17.81
2019.0,-6.0,19.8,131328,-16.86
2050.0,9.4,27.6,4104,18.81
2081.0,-6.0,19.8,131328,-16.86
2113.0,9.0,27.5,4104,18.12
2144.0,-5.7,20.2,131328,-15.76
2175.0,9.0,27.7,4104,18.00
2206.0,-5.9,20.4,131328,-16.13
2237.0,9.1,27.9,4104,18.06
2269.0,-5.7,20.7,131328,-15.40
2300.0,10.0,28.3,4104,19.46
2331.0,-5.8,21.3,131328,-15.23
2362.0,9.3,28.7,4104,17.95
2393.0,-5.8,21.6,131328,-15.03
2424.0,9.5,28.6,4104,18.37
2456.0,-5.7,22.1,131328,-14.46
2487.0,9.7,28.9,4104,18.55
2518.0,-5.7,22.7,131328,-14.10
2549.0,10.5,29.5,4104,19.59
2580.0,-5.4,23.3,131328,-13.05
2612.0,9.9,29.7,4104,18.43
2643.0,-5.7,23.7,131328,-13.52
2674.0,10.0,30.1,4104,18.38
2705.0,-5.6,24.3,131328,-12.98
2736.0,10.1,30.3,4104,18.43
2768.0,-5.6,24.8,131328,-12.72
2799.0,10.9,30.5,4104,19.67
2830.0,-5.7,25.3,131328,-12.70
2861.0,11.1,30.6,4104,19.94
2892.0,-5.5,25.9,131328,-11.99
2923.0,10.8,31.6,4104,18.87
2955.0,-5.5,26.5,131328,-11.73
2986.0,11.4,31.7,4104,19.78
3017.0,-5.6,27.1,131328,-11.68
3048.0,11.9,32.2,4104,20.28
3079.0,-5.7,27.7,131328,-11.63
3111.0,11.2,32.8,4104,18.85
3142.0,-5.8,28.2,131328,-11.62
3173.0,12.0,33.0,4104,19.98
3204.0,-5.7,28.7,131328,-11.23
3235.0,12.0,33.0,4104,19.98
3267.0,-5.7,29.0,131328,-11.12
3298.0,12.4,33.3,4104,20.42
3329.0,-5.8,29.1,131328,-11.27
3360.0,12.1,33.1,4104,20.08
3391.0,-5.6,29.2,131328,-10.86
3423.0,12.1,33.4,4104,19.91
3454.0,-5.7,29.2,131328,-11.05
3485.0,11.7,33.5,4104,19.25
3516.0,-5.8,29.1,131328,-11.27
3547.0,11.6,33.4,4104,19.15
3578.0,-5.8,29.2,131328,-11.23
3610.0,12.1,33.3,4104,19.97
3641.0,-5.7,29.1,131328,-11.08
3672.0,11.7,33.1,4104,19.47
3703.0,-5.8,28.8,131328,-11.39
3734.0,11.6,33.4,4104,19.15
3766.0,-5.6,28.8,131328,-11.00
3797.0,11.1,32.9,4104,18.64
3828.0,-5.8,28.6,131328,-11.46
3859.0,11.4,32.8,4104,19.17
3890.0,-5.8,28.4,131328,-11.54
3922.0,11.4,32.4,4104,19.38
3953.0,-5.6,27.8,131328,-11.39
3984.0,11.3,31.9,4104,19.51
4015.0,-5.7,27.3,131328,-11.79
4046.0,11.3,31.5,4104,19.73
4077.0,-5.3,27.1,131328,-11.07
4109.0,11.4,31.5,4104,19.90
4140.0,-5.4,26.6,131328,-11.48
4171.0,10.9,31.4,4104,19.14
4202.0,-5.5,26.2,131328,-11.86
4233.0,10.8,30.8,4104,19.32
4265.0,-5.5,25.8,131328,-12.03
4296.0,11.0,31.1,4104,19.48
4327.0,-5.3,25.5,131328,-11.74
4358.0,11.2,30.6,4104,20.10
4389.0,-5.3,25.1,131328,-11.92
4421.0,10.4,29.9,4104,19.18
4452.0,-5.4,24.7,131328,-12.33
4483.0,10.6,29.9,4104,19.52
4514.0,-5.3,24.2,131328,-12.35
4545.0,10.1,29.6,4104,18.84
4576.0,-5.6,23.7,131328,-13.29
4608.0,9.9,29.7,4104,18.43
4639.0,-5.7,23.3,131328,-13.75
4670.0,10.4,29.3,4104,19.54
4701.0,-5.4,23.0,131328,-13.21
4732.0,10.6,29.2,4104,19.95
4764.0,-5.5,22.8,131328,-13.56
4795.0,10.1,29.0,4104,19.20
4826.0,-5.6,22.2,131328,-14.16
4857.0,9.7,29.0,4104,18.49
4888.0,-5.7,22.0,131328,-14.53
4920.0,10.2,28.7,4104,19.57
4951.0,-5.7,21.7,131328,-14.72
4982.0,10.2,28.6,4104,19.63
5013.0,-5.5,21.6,131328,-14.29
5044.0,10.0,28.4,4104,19.40
5076.0,-5.7,21.3,131328,-14.98
5107.0,10.0,28.3,4104,19.46
5138.0,-5.6,21.2,131328,-14.80
5169.0,9.4,28.0,4104,18.56
5200.0,-5.7,20.9,131328,-15.26
5231.0,10.0,28.2,4104,19.53
5263.0,-5.7,20.9,131328,-15.26
5294.0,9.2,28.3,4104,18.01
5325.0,-5.8,20.9,131328,-15.51
5356.0,9.6,28.0,4104,18.92
5387.0,-5.8,20.5,131328,-15.80
5419.0,9.1,27.8,4104,18.13
5450.0,-5.8,20.4,131328,-15.87
5481.0,9.2,27.8,4104,18.31
5512.0,-5.8,20.2,131328,-16.02
5543.0,9.1,28.0,4104,18.00
5575.0,-5.8,20.2,131328,-16.02
5606.0,9.2,27.6,4104,18.43
5637.0,-5.4,20.1,131328,-15.04
5668.0,9.0,27.9,4104,17.88
5699.0,-5.9,19.9,131328,-16.51
5730.0,9.0,28.0,4104,17.82
5762.0,-5.9,19.9,131328,-16.51
5793.0,9.3,27.4,4104,18.75
5824.0,-5.8,19.8,131328,-16.33
5855.0,9.1,27.8,4104,18.13
5886.0,-5.8,19.7,131328,-16.41
5918.0,9.3,27.5,4104,18.68
5949.0,-5.8,19.8,131328,-16.33
5980.0,9.6,27.6,4104,19.18
6011.0,-5.8,19.7,131328,-16.41
6042.0,9.1,27.8,4104,18.13
6074.0,-5.9,19.6,131328,-16.75
6105.0,8.8,27.5,4104,17.74
6136.0,-5.8,19.5,131328,-16.56
6167.0,9.0,27.3,4104,18.25
6198.0,-5.8,19.6,131328,-16.48
6230.0,9.0,27.8,4104,17.94
6261.0,-5.8,19.7,131328,-16.41
6292.0,9.1,27.2,4104,18.50
6323.0,-5.9,19.6,131328,-16.75
6354.0,9.2,27.4,4104,18.56
6385.0,-5.8,19.6,131328,-16.48
6417.0,9.4,27.5,4104,18.87
6448.0,-5.9,19.6,131328,-16.75
6479.0,9.0,27.3,4104,18.25
6510.0,-5.9,19.5,131328,-16.83
6541.0,9.2,27.4,4104,18.56
6573.0,-5.9,19.5,131328,-16.83
6604.0,8.7,27.5,4104,17.56
6635.0,-5.9,19.7,131328,-16.67
6666.0,9.2,27.5,4104,18.50
6697.0,-5.9,19.6,131328,-16.75
6729.0,9.1,27.7,4104,18.19
6760.0,-5.9,19.5,131328,-16.83
6791.0,8.9,27.3,4104,18.06
6822.0,-5.8,19.4,131328,-16.65
6853.0,9.0,27.2,4104,18.31
6884.0,-5.9,19.7,131328,-16.67
6916.0,9.4,27.4,4104,18.94
6947.0,-5.7,19.5,131328,-16.29
6978.0,9.2,27.4,4104,18.56
7009.0,-5.9,19.8,131328,-16.59
7040.0,8.9,27.9,4104,17.69
7072.0,-5.7,20.1,131328,-15.83
7103.0,9.1,27.7,4104,18.19
7134.0,-5.7,20.1,131328,-15.83
7165.0,9.6,27.9,4104,18.99
7196.0,-5.8,20.3,131328,-15.95
7228.0,9.0,27.9,4104,17.88
7259.0,-5.9,20.5,131328,-16.06
7290.0,9.2,27.8,4104,18.31
7321.0,-5.7,20.9,131328,-15.26
7352.0,9.6,28.3,4104,18.74
7384.0,-5.7,21.1,131328,-15.12
7415.0,9.8,28.5,4104,18.98
7446.0,-5.7,21.5,131328,-14.85
7477.0,9.4,28.6,4104,18.19
7508.0,-5.6,21.9,131328,-14.34
7539.0,9.1,28.8,4104,17.54
7571.0,-5.7,22.3,131328,-14.34
7602.0,9.8,29.4,4104,18.43
7633.0,-5.7,22.9,131328,-13.98
7664.0,10.4,29.4,4104,19.48
7695.0,-5.6,23.3,131328,-13.51
7727.0,10.0,29.9,4104,18.49
7758.0,-5.7,23.6,131328,-13.58
7789.0,10.7,30.1,4104,19.57
7820.0,-5.6,24.2,131328,-13.03
7851.0,10.3,30.0,4104,18.95
7883.0,-5.6,24.5,131328,-12.88
7914.0,10.2,30.7,4104,18.38
7945.0,-5.6,25.0,131328,-12.63
7976.0,10.5,30.9,4104,18.77
8007.0,-5.5,25.3,131328,-12.26
8038.0,11.0,30.6,4104,19.77
8070.0,-5.6,25.8,131328,-12.25
8101.0,10.6,31.6,4104,18.54
8132.0,-5.5,26.1,131328,-11.90
8163.0,10.4,31.2,4104,18.43
8194.0,-5.7,26.9,131328,-11.96
8226.0,10.9,32.0,4104,18.81
8257.0,-5.6,27.1,131328,-11.68
8288.0,11.6,32.0,4104,19.93
8319.0,-5.6,27.3,131328,-11.59
8350.0,11.1,32.2,4104,19.02
8382.0,-5.7,27.5,131328,-11.71
8413.0,11.5,32.2,4104,19.65
8444.0,-5.6,28.1,131328,-11.27
8475.0,11.9,32.8,4104,19.94
8506.0,-5.7,28.3,131328,-11.39
8538.0,12.3,33.0,4104,20.44
8569.0,-5.8,28.6,131328,-11.46
8600.0,11.4,32.8,4104,19.17
8631.0,-5.8,28.5,131328,-11.50
8662.0,11.6,32.9,4104,19.42
8693.0,-5.8,28.4,131328,-11.54
8725.0,11.5,32.4,4104,19.54
8756.0,-5.4,28.3,131328,-10.80
8787.0,11.5,32.6,4104,19.43
8818.0,-5.7,28.3,131328,-11.39
8849.0,11.5,32.6,4104,19.43
8881.0,-5.5,28.3,131328,-11.00
8912.0,11.4,32.8,4104,19.17
8943.0,-5.7,28.6,131328,-11.27
8974.0,11.4,32.8,4104,19.17
9005.0,-5.8,28.4,131328,-11.54
9037.0,12.3,32.9,4104,20.50
9068.0,-5.9,28.3,131328,-11.78
9099.0,12.2,32.7,4104,20.46
9130.0,-5.7,28.1,131328,-11.47
9161.0,11.3,32.5,4104,19.17
9192.0,-5.6,27.8,131328,-11.39
9224.0,11.3,32.0,4104,19.45
9255.0,-5.6,27.3,131328,-11.59
9286.0,11.1,31.7,4104,19.30
9317.0,-5.7,26.8,131328,-12.01
9348.0,10.8,31.4,4104,18.98
9380.0,-5.4,26.8,131328,-11.39
9411.0,11.0,31.0,4104,19.54
9442.0,-5.4,26.0,131328,-11.73
9473.0,10.9,30.8,4104,19.49
9504.0,-5.5,25.6,131328,-12.13
9536.0,10.8,30.6,4104,19.44
9567.0,-5.5,25.3,131328,-12.26
9598.0,11.0,30.5,4104,19.83
9629.0,-5.3,24.9,131328,-12.02
9660.0,10.4,30.1,4104,19.06
9692.0,-5.6,24.4,131328,-12.93
9723.0,10.1,30.0,4104,18.61
9754.0,-5.6,24.2,131328,-13.03
9785.0,10.5,29.7,4104,19.47
9816.0,-5.5,23.8,131328,-13.01
9847.0,10.1,30.0,4104,18.61
9879.0,-5.5,23.6,131328,-13.12
9910.0,10.0,29.8,4104,18.55
9941.0,-5.6,23.2,131328,-13.57
9972.0,9.9,29.2,4104,18.73
10003.0,-5.3,23.0,131328,-12.98
10035.0,10.1,29.0,4104,19.20
10066.0,-5.5,22.7,131328,-13.62
10097.0,10.2,29.0,4104,19.38
10128.0,-5.3,22.3,131328,-13.37
10159.0,9.6,28.5,4104,18.62
10191.0,-5.7,21.9,131328,-14.59
10222.0,9.9,28.8,4104,18.97
10253.0,-5.7,21.8,131328,-14.65
10284.0,9.9,28.4,4104,19.22
10315.0,-5.6,21.6,131328,-14.53
10346.0,10.0,28.5,4104,19.33
10378.0,-5.5,21.4,131328,-14.41
10409.0,9.9,28.3,4104,19.28
10440.0,-5.6,21.3,131328,-14.73
10471.0,9.7,28.7,4104,18.67
10502.0,-5.7,21.1,131328,-15.12
10534.0,8.8,28.3,4104,17.27
10565.0,-5.6,21.0,131328,-14.93
10596.0,9.3,27.7,4104,18.56
10627.0,-5.5,20.9,131328,-14.74
10658.0,9.1,28.2,4104,17.88
10690.0,-5.7,20.7,131328,-15.40
10721.0,9.0,28.2,4104,17.70
10752.0,-5.7,20.6,131328,-15.47
10783.0,9.1,27.6,4104,18.25
10814.0,-5.7,20.5,131328,-15.54
10846.0,9.2,27.6,4104,18.43
10877.0,-5.6,20.4,131328,-15.35
10908.0,9.2,28.1,4104,18.13
10939.0,-5.6,20.3,131328,-15.42
10970.0,9.3,27.6,4104,18.62
11001.0,-5.6,20.2,131328,-15.49
11033.0,9.6,27.9,4104,18.99
11064.0,-5.9,20.2,131328,-16.28
11095.0,9.1,27.4,4104,18.37
11126.0,-5.8,20.1,131328,-16.10
11157.0,8.7,27.7,4104,17.44
11189.0,-5.5,20.2,131328,-15.23
11220.0,8.8,27.6,4104,17.68
11251.0,-5.9,20.0,131328,-16.44
11282.0,8.9,27.4,4104,17.99
11313.0,-5.9,19.9,131328,-16.51
11345.0,9.3,27.6,4104,18.62
11376.0,-5.7,20.0,131328,-15.91
11407.0,9.2,27.5,4104,18.50
11438.0,-5.8,19.8,131328,-16.33
11469.0,8.6,27.6,4104,17.31
11500.0,-5.8,19.8,131328,-16.33
11532.0,8.8,27.7,4104,17.62
11563.0,-5.7,19.6,131328,-16.22
11594.0,8.8,27.3,4104,17.87
11625.0,-5.8,19.7,131328,-16.41
11656.0,9.5,27.7,4104,18.93
11688.0,-5.7,19.7,131328,-16.14
11719.0,8.7,27.5,4104,17.56
11750.0,-5.7,19.7,131328,-16.14
11781.0,8.3,27.4,4104,16.85
11812.0,-5.8,19.6,131328,-16.48
11844.0,8.8,27.4,4104,17.81
11875.0,-5.7,19.5,131328,-16.29
11906.0,9.5,27.5,4104,19.06
11937.0,-5.7,19.7,131328,-16.14
11968.0,9.4,27.7,4104,18.74
12000.0,-5.9,19.8,131328,-16.59
12031.0,8.8,27.4,4104,17.81
12062.0,-5.8,19.6,131328,-16.48
12093.0,9.3,27.7,4104,18.56
12124.0,-5.8,19.7,131328,-16.41
12155.0,8.5,27.5,4104,17.18
12187.0,-5.8,19.8,131328,-16.33
12218.0,9.4,27.5,4104,18.87
12249.0,-5.5,19.9,131328,-15.45
12280.0,8.9,27.8,4104,17.75
12311.0,-5.7,19.9,131328,-15.98
12343.0,9.1,27.6,4104,18.25
12374.0,-5.5,20.2,131328,-15.23
12405.0,9.2,27.8,4104,18.31
12436.0,-5.8,20.4,131328,-15.87
12467.0,9.5,27.8,4104,18.87
12499.0,-5.7,20.6,131328,-15.47
12530.0,8.9,28.0,4104,17.63
12561.0,-5.7,20.8,131328,-15.33
12592.0,9.2,28.1,4104,18.13
12623.0,-5.5,21.0,131328,-14.68
12654.0,9.4,28.2,4104,18.43
12686.0,-5.6,21.4,131328,-14.66
12717.0,9.5,28.9,4104,18.20
12748.0,-5.8,21.6,131328,-15.03
12779.0,9.3,28.6,4104,18.01
12810.0,-5.7,21.9,131328,-14.59
12842.0,10.1,28.9,4104,19.26
12873.0,-5.3,22.4,131328,-13.31
12904.0,9.3,29.0,4104,17.78
12935.0,-5.6,22.5,131328,-13.98
12966.0,9.7,29.1,4104,18.43
12998.0,-5.3,23.0,131328,-12.98
13029.0,10.4,29.6,4104,19.36
13060.0,-5.4,23.6,131328,-12.89
13091.0,9.8,29.9,4104,18.15
13122.0,-5.6,24.0,131328,-13.13
13153.0,10.0,30.0,4104,18.43
13185.0,-5.3,24.5,131328,-12.21
13216.0,10.5,30.2,4104,19.17
13247.0,-5.5,25.0,131328,-12.41
13278.0,10.9,30.8,4104,19.49
13309.0,-5.5,25.6,131328,-12.13
13341.0,11.0,31.0,4104,19.54
13372.0,-5.4,26.1,131328,-11.69
13403.0,10.6,30.8,4104,18.99
13434.0,-5.4,26.3,131328,-11.60
13465.0,11.4,31.4,4104,19.95
13497.0,-5.4,26.7,131328,-11.43
13528.0,11.5,31.6,4104,20.00
13559.0,-5.4,27.1,131328,-11.27
13590.0,10.6,32.0,4104,18.33
13621.0,-5.4,27.5,131328,-11.11
13653.0,11.8,32.4,4104,20.01
13684.0,-5.5,28.0,131328,-11.11
13715.0,11.5,32.7,4104,19.38
13746.0,-5.4,28.3,131328,-10.80
13777.0,11.1,32.8,4104,18.70
13808.0,-5.3,28.6,131328,-10.50
13840.0,11.4,32.8,4104,19.17
13871.0,-5.6,28.7,131328,-11.04
13902.0,12.0,33.0,4104,19.98
13933.0,-5.3,28.9,131328,-10.39
13964.0,11.8,32.9,4104,19.73
13996.0,-5.8,28.8,131328,-11.39
14027.0,11.5,32.7,4104,19.38
14058.0,-5.5,28.8,131328,-10.81
14089.0,11.8,32.8,4104,19.79
14120.0,-5.6,28.7,131328,-11.04
14152.0,12.1,32.8,4104,20.25
14183.0,-5.3,28.7,131328,-10.46
14214.0,11.7,33.0,4104,19.52
14245.0,-5.5,28.4,131328,-10.96
14276.0,11.4,32.5,4104,19.33
14307.0,-5.6,28.5,131328,-11.12
14339.0,11.2,32.8,4104,18.85
14370.0,-5.5,28.1,131328,-11.07
14401.0,11.3,32.3,4104,19.28
14432.0,-5.5,28.0,131328,-11.11
14463.0,10.9,32.3,4104,18.65
14495.0,-5.4,27.6,131328,-11.07
14526.0,11.4,31.9,4104,19.67
14557.0,-5.4,27.2,131328,-11.23
14588.0,11.6,31.9,4104,19.98
14619.0,-5.4,26.9,131328,-11.35
14651.0,10.6,31.6,4104,18.54
14682.0,-5.5,26.6,131328,-11.68
14713.0,11.1,31.1,4104,19.64
14744.0,-5.5,25.9,131328,-11.99
14775.0,10.1,30.4,4104,18.38
14807.0,-5.4,25.6,131328,-11.91
14838.0,10.2,30.6,4104,18.43
14869.0,-5.3,25.2,131328,-11.88
14900.0,10.4,30.6,4104,18.77
14931.0,-5.3,24.8,131328,-12.06
14962.0,10.6,30.0,4104,19.46
14994.0,-5.5,24.3,131328,-12.75
15025.0,10.5,29.8,4104,19.41
15056.0,-5.3,24.1,131328,-12.40
15087.0,9.9,29.4,4104,18.61
15118.0,-5.6,23.7,131328,-13.29
15150.0,10.4,29.4,4104,19.48
15181.0,-5.2,23.3,131328,-12.58
15212.0,9.8,29.1,4104,18.61
15243.0,-5.4,22.9,131328,-13.27
15274.0,10.1,29.4,4104,18.96
15306.0,-5.4,22.7,131328,-13.38
15337.0,9.5,28.9,4104,18.20
15368.0,-5.3,22.6,131328,-13.20
15399.0,9.9,28.8,4104,18.97
15430.0,-5.6,22.2,131328,-14.16
15461.0,9.5,28.6,4104,18.37
15493.0,-5.6,22.1,131328,-14.22
15524.0,9.8,28.5,4104,18.98
15555.0,-5.4,21.8,131328,-13.91
15586.0,9.2,28.7,4104,17.77
15617.0,-5.6,21.5,131328,-14.60
15649.0,9.7,28.2,4104,18.98
15680.0,-5.7,21.4,131328,-14.91
15711.0,9.2,28.5,4104,17.89
15742.0,-5.7,21.2,131328,-15.05
15773.0,9.2,27.9,4104,18.25
15805.0,-5.7,20.9,131328,-15.26
15836.0,9.3,28.3,4104,18.19
15867.0,-5.6,20.9,131328,-15.00
15898.0,9.0,28.3,4104,17.64
15929.0,-5.6,20.7,131328,-15.14
15961.0,8.8,27.8,4104,17.57
15992.0,-5.7,20.6,131328,-15.47
16023.0,9.2,28.2,4104,18.07
16054.0,-5.8,20.6,131328,-15.72
16085.0,9.7,28.0,4104,19.11
16116.0,-5.8,20.6,131328,-15.72
16148.0,9.0,27.7,4104,18.00
16179.0,-5.8,20.5,131328,-15.80
16210.0,9.5,28.1,4104,18.68
16241.0,-5.6,20.3,131328,-15.42
16272.0,8.8,27.8,4104,17.57
16304.0,-5.6,20.2,131328,-15.49
16335.0,9.5,27.9,4104,18.80
16366.0,-5.7,20.2,131328,-15.76
16397.0,9.0,27.6,4104,18.06
16428.0,-5.7,19.9,131328,-15.98
16460.0,9.5,27.8,4104,18.87
16491.0,-5.8,20.0,131328,-16.17
16522.0,8.9,27.4,4104,17.99
16553.0,-5.7,19.8,131328,-16.06
16584.0,8.6,27.7,4104,17.25
16615.0,-5.8,19.8,131328,-16.33
16647.0,8.8,27.6,4104,17.68
16678.0,-5.8,19.9,131328,-16.25
16709.0,9.2,27.4,4104,18.56
16740.0,-5.8,19.7,131328,-16.41
16771.0,8.9,27.4,4104,17.99
16803.0,-5.8,19.8,131328,-16.33
16834.0,8.9,27.8,4104,17.75
16865.0,-5.8,19.8,131328,-16.33
16896.0,9.1,27.8,4104,18.13
16927.0,-5.8,19.6,131328,-16.48
16959.0,9.4,27.7,4104,18.74
16990.0,-5.8,19.8,131328,-16.33
17021.0,8.7,27.6,4104,17.50
17052.0,-5.8,19.6,131328,-16.48
17083.0,9.0,27.4,4104,18.18
17115.0,-5.8,19.8,131328,-16.33
17146.0,8.5,28.0,4104,16.89
17177.0,-5.5,20.1,131328,-15.30
17208.0,9.2,27.5,4104,18.50
17239.0,-5.6,19.9,131328,-15.72
17270.0,7.9,27.9,4104,15.81
17302.0,-5.8,19.9,131328,-16.25
17333.0,9.4,27.9,4104,18.62
17364.0,-5.7,19.9,131328,-15.98
17395.0,8.4,28.2,4104,16.59
17426.0,-5.5,20.0,131328,-15.38
17458.0,9.3,27.5,4104,18.68
17489.0,-5.6,20.1,131328,-15.57
17520.0,9.0,27.8,4104,17.94
17551.0,-5.6,20.2,131328,-15.49
17582.0,9.5,27.9,4104,18.80
17614.0,-5.9,20.4,131328,-16.13
17645.0,9.2,27.7,4104,18.37
17676.0,-5.6,20.4,131328,-15.35
17707.0,8.8,27.8,4104,17.57
17738.0,-5.7,20.5,131328,-15.54
17769.0,8.6,27.7,4104,17.25
17801.0,-5.7,20.6,131328,-15.47
17832.0,9.4,27.8,4104,18.68
17863.0,-5.5,20.7,131328,-14.88
17894.0,9.1,27.7,4104,18.19
17925.0,-5.6,20.9,131328,-15.00
17957.0,9.2,28.3,4104,18.01
17988.0,-5.7,21.0,131328,-15.19
18019.0,9.6,28.0,4104,18.92
18050.0,-5.5,21.1,131328,-14.61
18081.0,9.2,28.0,4104,18.19
18113.0,-5.7,21.2,131328,-15.05
18144.0,9.9,28.4,4104,19.22
18175.0,-5.5,21.5,131328,-14.35
18206.0,9.0,28.5,4104,17.53
18237.0,-5.6,21.6,131328,-14.53
18269.0,10.0,28.6,4104,19.27
18300.0,-5.4,21.9,131328,-13.85
18331.0,9.3,28.6,4104,18.01
18362.0,-5.4,22.0,131328,-13.79
18393.0,8.8,28.7,4104,17.05
18424.0,-5.4,22.3,131328,-13.61
18456.0,9.6,28.5,4104,18.62
18487.0,-5.6,22.5,131328,-13.98
18518.0,9.3,29.0,4104,17.78
18549.0,-5.5,22.7,131328,-13.62
18580.0,9.6,29.3,4104,18.14
18612.0,-5.4,22.8,131328,-13.32
18643.0,10.3,29.4,4104,19.31
18674.0,-5.4,23.2,131328,-13.10
18705.0,9.8,29.1,4104,18.61
18736.0,-5.4,23.4,131328,-12.99
18768.0,9.7,29.6,4104,18.14
18799.0,-5.6,23.9,131328,-13.19
18830.0,10.0,29.9,4104,18.49
18861.0,-5.3,24.2,131328,-12.35
18892.0,10.6,29.8,4104,19.58
18923.0,-5.3,24.4,131328,-12.26
18955.0,10.6,30.0,4104,19.46
18986.0,-5.0,24.7,131328,-11.44
19017.0,10.2,29.9,4104,18.84
19048.0,-5.4,24.9,131328,-12.24
19079.0,10.4,30.5,4104,18.83
19111.0,-5.3,25.1,131328,-11.92
19142.0,11.0,30.4,4104,19.89
19173.0,-5.1,25.3,131328,-11.40
19204.0,10.8,30.3,4104,19.62
19235.0,-5.2,25.6,131328,-11.48
19267.0,10.7,30.6,4104,19.27
19298.0,-5.4,25.8,131328,-11.82
19329.0,10.3,30.9,4104,18.43
19360.0,-5.2,26.1,131328,-11.27
19391.0,10.6,30.8,4104,18.99
19423.0,-5.3,26.4,131328,-11.35
19454.0,11.4,31.3,4104,20.01
19485.0,-5.4,26.6,131328,-11.48
19516.0,10.6,31.5,4104,18.60
19547.0,-5.2,27.0,131328,-10.90
19578.0,11.3,31.7,4104,19.62
19610.0,-5.4,27.3,131328,-11.19
19641.0,10.9,31.8,4104,18.92
19672.0,-5.3,27.4,131328,-10.95
19703.0,10.9,32.0,4104,18.81
19734.0,-5.3,27.6,131328,-10.87
19766.0,10.9,32.9,4104,18.33
19797.0,-5.8,27.8,131328,-11.78
19828.0,11.6,32.3,4104,19.75
19859.0,-5.4,27.7,131328,-11.03
19890.0,10.9,32.3,4104,18.65
19922.0,-5.4,27.9,131328,-10.95
19953.0,10.7,32.5,4104,18.22
19984.0,-5.4,28.2,131328,-10.84
20015.0,11.7,32.4,4104,19.86
20046.0,-5.3,28.3,131328,-10.61
20077.0,11.0,33.0,4104,18.43
20109.0,-5.5,28.5,131328,-10.92
20140.0,11.9,32.6,4104,20.05
20171.0,-5.0,28.7,131328,-9.88
20202.0,11.6,33.2,4104,19.26
20233.0,-5.5,28.7,131328,-10.85
20265.0,11.4,33.1,4104,19.00
20296.0,-5.4,29.0,131328,-10.55
20327.0,9.6,35.5,4104,15.13
20358.0,-5.7,29.0,131328,-11.12
20389.0,11.0,34.2,4104,17.83
20421.0,-5.7,29.0,131328,-11.12
20452.0,10.5,34.5,4104,16.93
20483.0,-5.5,28.9,131328,-10.78
20514.0,9.9,34.1,4104,16.19
20545.0,-5.8,28.5,131328,-11.50
20576.0,11.3,33.5,4104,18.64
20608.0,-5.4,28.8,131328,-10.62
20639.0,9.8,34.5,4104,15.86
20670.0,-6.0,28.5,131328,-11.89
20701.0,9.6,34.4,4104,15.59
20732.0,-5.6,28.7,131328,-11.04
20764.0,9.2,33.9,4104,15.18
20795.0,-5.8,28.3,131328,-11.58
20826.0,10.2,34.2,4104,16.61
20857.0,-5.3,27.9,131328,-10.76
20888.0,11.3,32.0,4104,19.45
20920.0,-5.7,27.8,131328,-11.59
20951.0,9.7,34.1,4104,15.88
20982.0,-5.5,27.1,131328,-11.47
21013.0,9.1,33.2,4104,15.33
21044.0,-5.6,26.8,131328,-11.80
21076.0,8.7,33.6,4104,14.52
21107.0,-5.4,26.1,131328,-11.69
21138.0,9.5,33.5,4104,15.83
21169.0,-5.5,25.6,131328,-12.13
21200.0,10.3,30.6,4104,18.60
21231.0,-5.4,25.3,131328,-12.05
21263.0,10.5,30.8,4104,18.82
21294.0,-5.3,24.9,131328,-12.02
21325.0,9.8,30.6,4104,17.76
21356.0,-5.1,24.6,131328,-11.71
21387.0,10.1,29.6,4104,18.84
21419.0,-5.3,24.3,131328,-12.30
21450.0,10.1,30.4,4104,18.38
21481.0,-5.3,23.9,131328,-12.50
21512.0,9.7,30.5,4104,17.64
21543.0,-5.4,23.5,131328,-12.94
21575.0,9.7,30.0,4104,17.92
21606.0,-5.2,23.5,131328,-12.48
21637.0,9.4,30.3,4104,17.24
21668.0,-5.5,23.0,131328,-13.45
21699.0,9.3,29.5,4104,17.50
21730.0,-5.5,23.0,131328,-13.45
21762.0,10.1,29.3,4104,19.02
21793.0,-5.2,22.9,131328,-12.79
21824.0,9.1,29.2,4104,17.31
21855.0,-5.6,22.7,131328,-13.86
21886.0,9.3,29.5,4104,17.50
21918.0,-5.5,22.3,131328,-13.85
21949.0,9.8,28.8,4104,18.79
21980.0,-5.5,22.0,131328,-14.04
22011.0,9.0,28.9,4104,17.30
22042.0,-5.3,21.9,131328,-13.60
22074.0,10.0,28.6,4104,19.27
22105.0,-5.4,21.7,131328,-13.97
22136.0,9.3,28.4,4104,18.13
22167.0,-5.4,21.6,131328,-14.04
22198.0,9.2,28.6,4104,17.83
22230.0,-5.5,21.3,131328,-14.48
22261.0,9.5,28.2,4104,18.62
22292.0,-5.5,21.4,131328,-14.41
22323.0,9.7,28.0,4104,19.11
22354.0,-5.6,21.2,131328,-14.80
22385.0,9.9,28.3,4104,19.28
22417.0,-5.6,21.1,131328,-14.86
22448.0,9.6,28.0,4104,18.92
22479.0,-5.4,21.0,131328,-14.42
22510.0,9.1,27.7,4104,18.19
22541.0,-5.6,20.9,131328,-15.00
22573.0,9.1,27.6,4104,18.25
22604.0,-5.6,20.8,131328,-15.07
22635.0,9.0,28.1,4104,17.76
22666.0,-5.6,20.6,131328,-15.21
22697.0,9.1,28.0,4104,18.00
22729.0,-5.7,20.4,131328,-15.61
22760.0,9.0,27.9,4104,17.88
22791.0,-5.6,20.3,131328,-15.42
22822.0,9.0,27.6,4104,18.06
22853.0,-5.7,20.2,131328,-15.76
22884.0,9.1,27.5,4104,18.31
22916.0,-5.5,20.1,131328,-15.30
22947.0,8.9,27.8,4104,17.75
22978.0,-5.6,20.0,131328,-15.64
23009.0,9.2,27.5,4104,18.50
23040.0,-5.6,20.0,131328,-15.64
23072.0,9.0,27.2,4104,18.31
23103.0,-5.6,19.8,131328,-15.79
23134.0,9.4,27.5,4104,18.87
23165.0,-5.3,20.1,131328,-14.77
23196.0,9.4,27.6,4104,18.81
23228.0,-5.8,19.9,131328,-16.25
23259.0,8.8,27.3,4104,17.87
23290.0,-5.7,19.6,131328,-16.22
23321.0,9.1,27.2,4104,18.50
23352.0,-5.5,19.8,131328,-15.52
23384.0,9.2,27.2,4104,18.69
23415.0,-5.5,19.8,131328,-15.52
23446.0,8.7,27.3,4104,17.68
23477.0,-5.7,19.7,131328,-16.14
23508.0,9.2,27.2,4104,18.69
23539.0,-5.6,19.8,131328,-15.79
23571.0,8.9,27.0,4104,18.24
23602.0,-5.7,19.7,131328,-16.14
23633.0,8.6,27.4,4104,17.43
23664.0,-5.6,19.8,131328,-15.79
23695.0,8.8,27.6,4104,17.68
23727.0,-5.7,19.7,131328,-16.14
23758.0,8.5,26.9,4104,17.54
23789.0,-5.7,19.8,131328,-16.06
23820.0,9.6,27.6,4104,19.18
23851.0,-5.7,20.2,131328,-15.76
23883.0,8.8,27.5,4104,17.74
23914.0,-5.7,20.4,131328,-15.61
23945.0,9.4,27.9,4104,18.62
23976.0,-5.7,20.6,131328,-15.47
24007.0,9.6,28.1,4104,18.86
24038.0,-5.6,21.0,131328,-14.93
24070.0,9.2,27.8,4104,18.31
24101.0,-5.6,21.4,131328,-14.66
24132.0,9.9,28.4,4104,19.22
24163.0,-5.6,21.7,131328,-14.47
24194.0,9.6,28.4,4104,18.68
24226.0,-5.4,22.0,131328,-13.79
24257.0,9.5,28.4,4104,18.50
24288.0,-5.6,22.4,131328,-14.04
24319.0,9.8,29.2,4104,18.55
24350.0,-5.6,22.9,131328,-13.74
24382.0,10.0,29.3,4104,18.84
24413.0,-5.4,23.4,131328,-12.99
24444.0,9.6,29.6,4104,17.97
24475.0,-5.7,23.8,131328,-13.47
24506.0,9.7,29.9,4104,17.97
24538.0,-5.4,24.2,131328,-12.58
24569.0,10.1,30.0,4104,18.61
24600.0,-5.4,24.7,131328,-12.33
24631.0,10.9,30.4,4104,19.73
24662.0,-5.2,25.1,131328,-11.70
24693.0,10.4,30.2,4104,19.00
24725.0,-5.4,25.5,131328,-11.96
24756.0,11.1,30.9,4104,19.76
24787.0,-5.3,25.9,131328,-11.56
24818.0,11.1,30.9,4104,19.76
24849.0,-5.3,26.2,131328,-11.44
24881.0,10.7,31.1,4104,18.99
24912.0,-5.5,26.6,131328,-11.68
24943.0,11.4,31.6,4104,19.84
24974.0,-5.0,27.0,131328,-10.49
25005.0,11.6,31.8,4104,20.04
25037.0,-5.3,27.2,131328,-11.03
25068.0,11.1,31.7,4104,19.30
25099.0,-5.4,27.7,131328,-11.03
25130.0,11.6,32.1,4104,19.87
25161.0,-5.2,27.9,131328,-10.56
25192.0,11.4,32.2,4104,19.50
25224.0,-5.4,28.2,131328,-10.84
25255.0,12.0,32.8,4104,20.10
25286.0,-5.4,28.5,131328,-10.73
25317.0,11.3,33.1,4104,18.85
25348.0,-5.4,28.7,131328,-10.66
25380.0,11.2,32.8,4104,18.85
25411.0,-5.5,28.6,131328,-10.89
25442.0,11.5,32.4,4104,19.54
25473.0,-5.6,28.6,131328,-11.08
25504.0,11.4,32.5,4104,19.33
25536.0,-5.5,28.5,131328,-10.92
25567.0,11.7,32.5,4104,19.80
25598.0,-5.3,28.7,131328,-10.46
25629.0,11.5,32.7,4104,19.38
25660.0,-5.5,28.8,131328,-10.81
25692.0,11.8,32.7,4104,19.84
25723.0,-5.5,28.6,131328,-10.89
25754.0,12.1,32.9,4104,20.19
25785.0,-5.5,28.7,131328,-10.85
25816.0,11.5,32.7,4104,19.38
25847.0,-5.6,28.7,131328,-11.04
25879.0,11.6,32.5,4104,19.64
25910.0,-5.5,28.5,131328,-10.92
25941.0,11.9,32.6,4104,20.05
25972.0,-5.4,28.3,131328,-10.80
26003.0,11.7,32.5,4104,19.80
26035.0,-5.4,27.9,131328,-10.95
26066.0,11.2,32.4,4104,19.07
26097.0,-5.3,27.7,131328,-10.83
26128.0,11.2,32.1,4104,19.23
26159.0,-5.1,27.3,131328,-10.58
26191.0,11.2,31.8,4104,19.40
26222.0,-5.3,26.7,131328,-11.23
26253.0,11.1,31.2,4104,19.58
26284.0,-5.4,26.3,131328,-11.60
26315.0,11.1,31.0,4104,19.70
26346.0,-5.3,26.0,131328,-11.52
26378.0,11.0,30.8,4104,19.65
26409.0,-5.1,25.6,131328,-11.27
26440.0,10.2,30.5,4104,18.49
26471.0,-5.4,25.2,131328,-12.09
26502.0,10.6,30.2,4104,19.34
26534.0,-5.4,24.6,131328,-12.38
26565.0,10.2,29.8,4104,18.90
26596.0,-5.4,24.5,131328,-12.43
26627.0,10.7,30.1,4104,19.57
26658.0,-5.3,24.1,131328,-12.40
26690.0,10.2,29.5,4104,19.07
26721.0,-5.4,23.7,131328,-12.84
26752.0,9.6,29.2,4104,18.20
26783.0,-5.4,23.4,131328,-12.99
26814.0,10.3,29.5,4104,19.25
26846.0,-5.3,23.2,131328,-12.87
26877.0,10.4,29.2,4104,19.60
26908.0,-5.2,23.1,131328,-12.69
26939.0,10.0,28.9,4104,19.09
26970.0,-5.5,22.7,131328,-13.62
27001.0,10.2,28.9,4104,19.44
27033.0,-5.4,22.5,131328,-13.50
27064.0,9.3,28.8,4104,17.90
27095.0,-5.5,22.2,131328,-13.91
27126.0,10.1,28.7,4104,19.39
27157.0,-5.3,22.1,131328,-13.49
27189.0,9.4,28.3,4104,18.37
27220.0,-5.6,21.9,131328,-14.34
27251.0,9.4,28.3,4104,18.37
27282.0,-5.6,21.8,131328,-14.41
27313.0,9.6,28.7,4104,18.49
27345.0,-5.2,21.8,131328,-13.42
27376.0,9.1,28.6,4104,17.65
27407.0,-5.5,21.5,131328,-14.35
27438.0,9.7,28.3,4104,18.92
27469.0,-5.5,21.4,131328,-14.41
27500.0,9.9,28.4,4104,19.22
27532.0,-5.7,21.2,131328,-15.05
27563.0,9.8,28.3,4104,19.10
27594.0,-5.6,21.3,131328,-14.73
27625.0,9.4,28.0,4104,18.56
27656.0,-5.4,21.1,131328,-14.36
27688.0,9.7,28.1,4104,19.04
27719.0,-5.7,20.9,131328,-15.26
27750.0,9.8,28.1,4104,19.23
27781.0,-5.7,20.8,131328,-15.33
27812.0,9.2,27.6,4104,18.43
27844.0,-5.7,20.5,131328,-15.54
27875.0,9.1,28.2,4104,17.88
27906.0,-5.7,20.6,131328,-15.47
27937.0,9.3,27.9,4104,18.43
27968.0,-5.8,20.4,131328,-15.87
28000.0,9.7,27.9,4104,19.17
28031.0,-5.8,20.5,131328,-15.80
28062.0,9.6,27.8,4104,19.05
28093.0,-5.7,20.5,131328,-15.54
28124.0,9.6,27.9,4104,18.99
28155.0,-5.7,20.3,131328,-15.68
28187.0,9.3,27.6,4104,18.62
28218.0,-5.6,20.3,131328,-15.42
28249.0,9.1,27.6,4104,18.25
28280.0,-5.7,20.2,131328,-15.76
28311.0,9.4,27.7,4104,18.74
28343.0,-5.8,20.1,131328,-16.10
28374.0,9.5,27.8,4104,18.87
28405.0,-5.7,20.2,131328,-15.76
28436.0,9.3,27.5,4104,18.68
28467.0,-5.6,20.0,131328,-15.64
28499.0,8.9,27.3,4104,18.06
28530.0,-5.5,20.0,131328,-15.38
28561.0,9.0,27.8,4104,17.94
28592.0,-5.6,19.8,131328,-15.79
28623.0,8.8,27.5,4104,17.74
28654.0,-5.6,19.9,131328,-15.72
28686.0,8.9,27.3,4104,18.06
28717.0,-5.8,19.9,131328,-16.25
28748.0,9.5,27.6,4104,18.99
28779.0,-5.7,20.0,131328,-15.91
28810.0,9.5,27.7,4104,18.93
28842.0,-5.9,20.0,131328,-16.44
28873.0,9.3,27.5,4104,18.68
28904.0,-5.6,19.9,131328,-15.72
28935.0,9.4,27.7,4104,18.74
28966.0,-5.6,19.9,131328,-15.72
28998.0,9.4,27.5,4104,18.87
29029.0,-5.7,19.9,131328,-15.98
29060.0,9.2,27.4,4104,18.56
29091.0,-5.6,20.0,131328,-15.64
29122.0,8.9,27.2,4104,18.12
29153.0,-5.5,20.1,131328,-15.30
29185.0,9.4,27.8,4104,18.68
29216.0,-5.8,20.2,131328,-16.02
29247.0,9.0,27.4,4104,18.18
29278.0,-5.9,20.2,131328,-16.28
29309.0,9.2,28.0,4104,18.19
29341.0,-5.7,20.4,131328,-15.61
29372.0,9.3,28.1,4104,18.31
29403.0,-5.7,20.6,131328,-15.47
29434.0,9.0,28.1,4104,17.76
29465.0,-5.6,20.8,131328,-15.07
29497.0,9.2,27.7,4104,18.37
29528.0,-5.7,21.0,131328,-15.19
29559.0,9.4,28.0,4104,18.56
29590.0,-5.6,21.2,131328,-14.80
29621.0,9.6,28.1,4104,18.86
29653.0,-5.6,21.6,131328,-14.53
29684.0,9.7,28.6,4104,18.73
29715.0,-5.6,21.8,131328,-14.41
29746.0,9.4,28.2,4104,18.43
29777.0,-5.6,22.1,131328,-14.22
29808.0,10.0,28.7,4104,19.21
29840.0,-5.3,22.5,131328,-13.25
29871.0,9.3,29.0,4104,17.78
29902.0,-5.6,22.8,131328,-13.80
29933.0,9.7,29.5,4104,18.20
29964.0,-5.6,23.1,131328,-13.63
29996.0,9.7,29.7,4104,18.09
30027.0,-5.5,23.5,131328,-13.17
30058.0,10.6,29.7,4104,19.64
30089.0,-5.4,23.8,131328,-12.78
30120.0,9.9,30.0,4104,18.26
30152.0,-5.5,24.1,131328,-12.86
30183.0,9.9,30.1,4104,18.21
30214.0,-5.4,24.5,131328,-12.43
30245.0,10.1,30.1,4104,18.55
30276.0,-5.3,25.0,131328,-11.97
30307.0,10.2,30.5,4104,18.49
30339.0,-5.0,25.3,131328,-11.18
30370.0,10.7,30.8,4104,19.16
30401.0,-5.3,25.6,131328,-11.70
30432.0,10.7,31.1,4104,18.99
30463.0,-5.4,26.0,131328,-11.73
30495.0,11.1,30.9,4104,19.76
30526.0,-5.4,26.4,131328,-11.56
30557.0,11.4,31.5,4104,19.90
30588.0,-5.5,26.8,131328,-11.60
30619.0,11.3,31.5,4104,19.73
30651.0,-5.3,27.1,131328,-11.07
30682.0,11.1,31.5,4104,19.41
30713.0,-5.4,27.2,131328,-11.23
30744.0,10.9,31.9,4104,18.86
30775.0,-5.4,27.5,131328,-11.11
30807.0,11.0,31.7,4104,19.14
30838.0,-5.5,27.6,131328,-11.27
30869.0,11.3,31.8,4104,19.56
30900.0,-5.4,27.7,131328,-11.03
30931.0,11.4,31.9,4104,19.67
30962.0,-5.3,28.0,131328,-10.72
30994.0,11.0,32.5,4104,18.70
31025.0,-5.3,28.2,131328,-10.64
31056.0,11.9,32.6,4104,20.05
31087.0,-5.4,28.3,131328,-10.80
31118.0,11.8,32.4,4104,20.01
31150.0,-5.4,28.4,131328,-10.77
31181.0,11.3,32.8,4104,19.01
31212.0,-5.3,28.5,131328,-10.53
31243.0,11.3,32.5,4104,19.17
31274.0,-5.5,28.4,131328,-10.96
31306.0,11.8,32.7,4104,19.84
31337.0,-5.5,28.3,131328,-11.00
31368.0,11.9,32.6,4104,20.05
31399.0,-5.4,28.0,131328,-10.92
31430.0,11.3,32.6,4104,19.12
31461.0,-5.3,27.8,131328,-10.79
31493.0,11.3,31.9,4104,19.51
31524.0,-5.2,27.5,131328,-10.71
31555.0,11.7,32.0,4104,20.08
31586.0,-5.5,27.2,131328,-11.43
31617.0,10.9,31.6,4104,19.03
31649.0,-5.4,27.1,131328,-11.27
31680.0,11.4,31.4,4104,19.95
31711.0,-5.2,26.5,131328,-11.10
31742.0,11.0,30.9,4104,19.60
31773.0,-5.3,26.2,131328,-11.44
31805.0,11.2,31.1,4104,19.81
31836.0,-5.3,25.8,131328,-11.61
31867.0,10.2,30.8,4104,18.32
31898.0,-5.4,25.3,131328,-12.05
31929.0,10.0,30.6,4104,18.10
31961.0,-5.3,25.0,131328,-11.97
31992.0,10.0,30.3,4104,18.26
32023.0,-5.5,24.5,131328,-12.65
32054.0,10.3,30.2,4104,18.83
32085.0,-5.4,24.3,131328,-12.53
32116.0,9.5,29.8,4104,17.68
32148.0,-5.4,24.0,131328,-12.68
32179.0,9.8,29.7,4104,18.26
32210.0,-5.5,23.7,131328,-13.07
32241.0,9.9,29.0,4104,18.85
32272.0,-5.4,23.4,131328,-12.99
32304.0,10.3,29.3,4104,19.37
32335.0,-5.4,23.2,131328,-13.10
32366.0,9.8,28.8,4104,18.79
32397.0,-5.4,22.9,131328,-13.27
32428.0,9.7,28.7,4104,18.67
32460.0,-5.3,22.5,131328,-13.25
32491.0,9.4,29.0,4104,17.96
32522.0,-5.4,22.4,131328,-13.55
32553.0,9.7,28.5,4104,18.80
32584.0,-5.4,22.1,131328,-13.73
32615.0,9.7,28.8,4104,18.61
32647.0,-5.6,22.1,131328,-14.22
32678.0,9.4,28.8,4104,18.08
32709.0,-5.2,22.1,131328,-13.24
32740.0,9.6,28.7,4104,18.49
32771.0,-5.6,21.7,131328,-14.47
32803.0,9.4,28.2,4104,18.43
32834.0,-5.6,21.6,131328,-14.53
32865.0,9.3,28.1,4104,18.31
32896.0,-5.7,21.4,131328,-14.91
32927.0,9.1,28.2,4104,17.88
32959.0,-5.6,21.3,131328,-14.73
32990.0,9.1,28.3,4104,17.83
33021.0,-5.6,21.1,131328,-14.86
33052.0,9.7,28.2,4104,18.98
33083.0,-5.7,21.1,131328,-15.12
33115.0,9.6,28.0,4104,18.92
33146.0,-5.6,21.1,131328,-14.86
33177.0,9.4,27.9,4104,18.62
33208.0,-5.6,20.8,131328,-15.07
33239.0,9.1,28.2,4104,17.88
33270.0,-5.8,20.6,131328,-15.72
33302.0,9.6,28.1,4104,18.86
33333.0,-5.3,20.7,131328,-14.36
33364.0,9.5,28.0,4104,18.74
33395.0,-5.7,20.5,131328,-15.54
33426.0,9.5,27.9,4104,18.80
33458.0,-5.7,20.4,131328,-15.61
33489.0,8.7,27.8,4104,17.38
33520.0,-5.7,20.3,131328,-15.68
33551.0,8.7,27.7,4104,17.44
33582.0,-5.6,20.1,131328,-15.57
33614.0,9.1,27.4,4104,18.37
33645.0,-5.6,20.1,131328,-15.57
33676.0,8.7,27.5,4104,17.56
33707.0,-5.8,20.0,131328,-16.17
33738.0,8.9,27.2,4104,18.12
33769.0,-5.7,19.8,131328,-16.06
33801.0,9.5,27.5,4104,19.06
33832.0,-5.8,19.8,131328,-16.33
33863.0,8.7,27.5,4104,17.56
33894.0,-5.7,19.7,131328,-16.14
33925.0,9.2,27.2,4104,18.69
33957.0,-5.8,19.8,131328,-16.33
33988.0,9.2,27.5,4104,18.50
34019.0,-5.8,19.8,131328,-16.33
34050.0,8.8,27.1,4104,17.99
34081.0,-5.6,19.7,131328,-15.87
34113.0,8.9,27.0,4104,18.24
34144.0,-5.7,19.8,131328,-16.06
34175.0,8.6,27.3,4104,17.49
34206.0,-5.6,19.8,131328,-15.79
34237.0,9.2,27.2,4104,18.69
34269.0,-5.5,19.8,131328,-15.52
34300.0,8.8,27.6,4104,17.68
34331.0,-5.5,19.9,131328,-15.45
34362.0,8.8,27.0,4104,18.05
34393.0,-5.6,19.9,131328,-15.72
34424.0,9.3,27.3,4104,18.81
34456.0,-5.4,20.0,131328,-15.11
34487.0,8.6,27.6,4104,17.31
34518.0,-5.6,20.3,131328,-15.42
34549.0,8.7,27.5,4104,17.56
34580.0,-5.7,20.3,131328,-15.68
34612.0,9.0,27.4,4104,18.18
34643.0,-5.7,20.5,131328,-15.54
34674.0,9.6,27.8,4104,19.05
34705.0,-5.6,20.8,131328,-15.07
34736.0,9.0,27.9,4104,17.88
34768.0,-5.7,21.1,131328,-15.12
34799.0,9.4,28.4,4104,18.31
34830.0,-5.6,21.4,131328,-14.66
34861.0,9.5,28.6,4104,18.37
34892.0,-5.6,21.8,131328,-14.41
34923.0,9.4,28.2,4104,18.43
34955.0,-5.7,22.1,131328,-14.46
34986.0,10.2,28.8,4104,19.50
35017.0,-5.4,22.4,131328,-13.55
35048.0,9.3,29.0,4104,17.78
35079.0,-5.5,22.9,131328,-13.51
35111.0,10.1,29.0,4104,19.20
35142.0,-5.2,23.4,131328,-12.53
35173.0,10.3,29.3,4104,19.37
35204.0,-5.3,23.6,131328,-12.66
35235.0,10.2,29.5,4104,19.07
35267.0,-5.4,24.1,131328,-12.63
35298.0,10.0,30.2,4104,18.32
35329.0,-5.4,24.6,131328,-12.38
35360.0,10.9,30.3,4104,19.79
35391.0,-5.4,25.0,131328,-12.19
35423.0,10.3,30.5,4104,18.66
35454.0,-5.3,25.5,131328,-11.74
35485.0,11.1,31.0,4104,19.70
35516.0,-5.4,25.9,131328,-11.78
35547.0,10.7,30.8,4104,19.16
35578.0,-5.4,26.3,131328,-11.60
35610.0,10.5,31.3,4104,18.54
35641.0,-5.2,26.5,131328,-11.10
35672.0,10.9,31.1,4104,19.31
35703.0,-5.5,26.7,131328,-11.64
35734.0,11.2,31.3,4104,19.69
35766.0,-5.2,27.0,131328,-10.90
35797.0,11.4,31.7,4104,19.78
35828.0,-5.4,27.3,131328,-11.19
35859.0,11.5,31.9,4104,19.82
35890.0,-5.3,27.8,131328,-10.79
35922.0,11.6,32.5,4104,19.64
35953.0,-5.4,28.2,131328,-10.84
35984.0,11.7,32.4,4104,19.86
36015.0,-5.4,28.4,131328,-10.77
36046.0,11.9,32.8,4104,19.94
36077.0,-5.4,28.6,131328,-10.69
36109.0,11.7,32.8,4104,19.63
36140.0,-5.6,28.7,131328,-11.04
36171.0,11.6,32.6,4104,19.59
36202.0,-5.4,28.8,131328,-10.62
36233.0,11.8,32.9,4104,19.73
36265.0,-5.5,28.7,131328,-10.85
36296.0,11.1,32.7,4104,18.75
36327.0,-5.5,28.8,131328,-10.81
36358.0,11.9,32.8,4104,19.94
36389.0,-5.5,28.8,131328,-10.81
36421.0,11.5,33.1,4104,19.16
36452.0,-5.5,28.8,131328,-10.81
36483.0,11.7,33.3,4104,19.36
36514.0,-5.5,29.0,131328,-10.74
36545.0,11.6,32.8,4104,19.48
36576.0,-5.6,29.0,131328,-10.93
36608.0,12.3,33.2,4104,20.33
36639.0,-5.6,29.1,131328,-10.89
36670.0,11.6,33.1,4104,19.31
36701.0,-5.6,29.2,131328,-10.86
36732.0,12.0,33.1,4104,19.93
36764.0,-5.7,29.1,131328,-11.08
36795.0,11.7,33.1,4104,19.47
36826.0,-5.7,29.1,131328,-11.08
36857.0,12.2,33.4,4104,20.07
36888.0,-5.2,28.9,131328,-10.20
36920.0,11.5,32.7,4104,19.38
36951.0,-5.6,28.8,131328,-11.00
36982.0,12.1,32.8,4104,20.25
37013.0,-5.5,28.4,131328,-10.96
37044.0,11.0,32.6,4104,18.65
37076.0,-5.5,28.1,131328,-11.07
37107.0,11.2,32.3,4104,19.12
37138.0,-5.4,28.0,131328,-10.92
37169.0,11.3,32.3,4104,19.28
37200.0,-5.4,27.5,131328,-11.11
37231.0,11.4,31.7,4104,19.78
37263.0,-5.5,27.1,131328,-11.47
37294.0,11.3,31.5,4104,19.73
37325.0,-5.6,26.7,131328,-11.85
37356.0,11.5,31.6,4104,20.00
37387.0,-5.4,26.4,131328,-11.56
37419.0,11.1,31.0,4104,19.70
37450.0,-5.3,26.1,131328,-11.48
37481.0,10.4,31.1,4104,18.49
37512.0,-5.2,25.8,131328,-11.40
37543.0,10.4,30.6,4104,18.77
37575.0,-5.3,25.5,131328,-11.74
37606.0,10.1,30.6,4104,18.27
37637.0,-5.2,25.0,131328,-11.75
37668.0,10.0,30.3,4104,18.26
37699.0,-5.3,24.7,131328,-12.11
37730.0,10.2,29.8,4104,18.90
37762.0,-5.3,24.3,131328,-12.30
37793.0,10.5,29.6,4104,19.53
37824.0,-5.3,24.1,131328,-12.40
37855.0,10.0,29.3,4104,18.84
37886.0,-5.3,23.6,131328,-12.66
37918.0,10.0,29.1,4104,18.96
37949.0,-5.3,23.5,131328,-12.71
37980.0,10.5,29.4,4104,19.65
38011.0,-5.3,23.2,131328,-12.87
38042.0,10.2,29.3,4104,19.19
38074.0,-5.0,23.0,131328,-12.26
38105.0,9.4,29.1,4104,17.90
38136.0,-5.4,22.8,131328,-13.32
38167.0,9.9,29.2,4104,18.73
38198.0,-5.5,22.6,131328,-13.68
38230.0,10.2,28.9,4104,19.44
38261.0,-5.2,22.4,131328,-13.07
38292.0,9.5,28.6,4104,18.37
38323.0,-5.6,22.2,131328,-14.16
38354.0,9.4,28.8,4104,18.08
38385.0,-5.4,22.0,131328,-13.79
38417.0,9.6,28.8,4104,18.43
38448.0,-5.5,21.8,131328,-14.16
38479.0,9.4,28.7,4104,18.13
38510.0,-5.6,21.6,131328,-14.53
38541.0,9.9,28.4,4104,19.22
38573.0,-5.6,21.4,131328,-14.66
38604.0,9.8,28.5,4104,18.98
38635.0,-5.5,21.4,131328,-14.41
38666.0,9.6,28.1,4104,18.86
38697.0,-3.9,22.0,131328,-10.05
38729.0,8.9,28.2,4104,17.52
38760.0,-5.5,21.2,131328,-14.54
38791.0,9.2,27.9,4104,18.25
38822.0,-5.6,21.0,131328,-14.93
38853.0,8.9,28.1,4104,17.57
38884.0,-5.5,20.9,131328,-14.74
38916.0,9.1,27.9,4104,18.06
38947.0,-5.6,20.7,131328,-15.14
38978.0,8.9,27.9,4104,17.69
39009.0,-5.7,20.6,131328,-15.47
39040.0,9.0,28.1,4104,17.76
39072.0,-5.5,20.6,131328,-14.95
39103.0,9.0,28.0,4104,17.82
39134.0,-5.6,20.4,131328,-15.35
39165.0,8.7,27.8,4104,17.38
39196.0,-5.6,20.4,131328,-15.35
39228.0,9.0,27.4,4104,18.18
39259.0,-5.7,20.1,131328,-15.83
39290.0,9.1,27.7,4104,18.19
39321.0,-5.6,20.2,131328,-15.49
39352.0,9.5,27.8,4104,18.87
39384.0,-5.6,20.2,131328,-15.49
39415.0,9.3,27.4,4104,18.75
39446.0,-5.5,20.1,131328,-15.30
39477.0,8.5,27.6,4104,17.12
39508.0,-5.7,20.0,131328,-15.91
39539.0,9.5,27.7,4104,18.93
39571.0,-5.7,20.1,131328,-15.83
39602.0,9.5,27.6,4104,18.99
39633.0,-5.7,20.0,131328,-15.91
39664.0,8.9,27.8,4104,17.75
39695.0,-5.8,20.0,131328,-16.17
39727.0,9.1,27.5,4104,18.31
39758.0,-5.5,19.9,131328,-15.45
39789.0,8.7,27.7,4104,17.44
39820.0,-5.6,20.1,131328,-15.57
39851.0,8.9,27.5,4104,17.93
39883.0,-5.5,20.2,131328,-15.23
39914.0,9.3,27.5,4104,18.68
39945.0,-5.5,20.2,131328,-15.23
39976.0,9.3,27.5,4104,18.68
40007.0,-5.6,20.3,131328,-15.42
40038.0,9.7,27.9,4104,19.17
40070.0,-5.7,20.4,131328,-15.61
40101.0,9.5,28.0,4104,18.74
40132.0,-5.6,20.6,131328,-15.21
40163.0,9.6,28.1,4104,18.86
40194.0,-5.7,20.7,131328,-15.40
40226.0,9.1,27.8,4104,18.13
40257.0,-5.7,21.0,131328,-15.19
40288.0,9.5,28.3,4104,18.56
40319.0,-5.7,21.2,131328,-15.05
40350.0,9.5,28.1,4104,18.68
40382.0,-5.6,21.4,131328,-14.66
40413.0,9.0,28.5,4104,17.53
40444.0,-5.6,21.6,131328,-14.53
40475.0,9.1,28.4,4104,17.77
40506.0,-5.3,21.8,131328,-13.66
40538.0,9.3,28.2,4104,18.25
40569.0,-5.6,21.7,131328,-14.47
40600.0,9.2,28.7,4104,17.77
40631.0,-5.6,22.2,131328,-14.16
40662.0,10.1,28.9,4104,19.26
40693.0,-5.3,22.4,131328,-13.31
40725.0,10.0,28.9,4104,19.09
40756.0,-5.4,22.7,131328,-13.38
40787.0,10.1,29.0,4104,19.20
40818.0,-5.3,23.1,131328,-12.92
40849.0,10.0,29.2,4104,18.90
40881.0,-5.5,23.3,131328,-13.28
40912.0,10.2,29.3,4104,19.19
40943.0,-5.3,23.5,131328,-12.71
40974.0,10.2,29.8,4104,18.90
41005.0,-5.4,23.9,131328,-12.73
41037.0,9.9,29.8,4104,18.38
41068.0,-5.5,24.2,131328,-12.80
41099.0,9.6,30.0,4104,17.74
41130.0,-5.3,24.4,131328,-12.26
41161.0,10.2,29.9,4104,18.84
41192.0,-5.4,24.8,131328,-12.28
41224.0,10.7,30.2,4104,19.51
41255.0,-5.3,25.2,131328,-11.88
41286.0,11.0,30.6,4104,19.77
41317.0,-5.3,25.4,131328,-11.79
41348.0,11.2,30.9,4104,19.92
41380.0,-5.3,25.9,131328,-11.56
41411.0,10.8,31.3,4104,19.04
41442.0,-5.4,26.2,131328,-11.65
41473.0,11.3,31.5,4104,19.73
41504.0,-5.5,26.6,131328,-11.68
41536.0,11.2,31.7,4104,19.46
41567.0,-5.5,27.0,131328,-11.51
41598.0,10.9,32.0,4104,18.81
41629.0,-5.4,27.3,131328,-11.19
41660.0,11.1,31.9,4104,19.19
41692.0,-5.1,27.8,131328,-10.40
41723.0,11.3,32.4,4104,19.23
41754.0,-5.3,27.8,131328,-10.79
41785.0,11.7,32.6,4104,19.74
41816.0,-5.3,27.9,131328,-10.76
41847.0,11.3,32.6,4104,19.12
41879.0,-5.5,28.2,131328,-11.04
41910.0,11.9,32.6,4104,20.05
41941.0,-5.3,28.2,131328,-10.64
41972.0,11.6,32.6,4104,19.59
42003.0,-5.4,28.4,131328,-10.77
42035.0,11.3,32.7,4104,19.06
42066.0,-5.5,28.7,131328,-10.85
42097.0,11.4,32.7,4104,19.22
42128.0,-5.5,28.8,131328,-10.81
42159.0,11.5,32.6,4104,19.43
42191.0,-5.5,28.7,131328,-10.85
42222.0,11.7,32.8,4104,19.63
42253.0,-5.4,28.7,131328,-10.66
42284.0,10.9,33.0,4104,18.28
42315.0,-5.4,28.7,131328,-10.66
42346.0,11.5,32.6,4104,19.43
42378.0,-5.5,28.6,131328,-10.89
42409.0,11.4,32.4,4104,19.38
42440.0,-5.4,28.3,131328,-10.80
42471.0,11.3,32.1,4104,19.39
42502.0,-5.6,28.0,131328,-11.31
42534.0,11.6,32.1,4104,19.87
42565.0,-5.4,27.6,131328,-11.07
42596.0,10.8,32.0,4104,18.65
42627.0,-5.2,27.3,131328,-10.78
42658.0,10.9,31.5,4104,19.09
42690.0,-5.4,27.0,131328,-11.31
42721.0,10.9,31.7,4104,18.98
42752.0,-5.3,26.6,131328,-11.27
42783.0,11.4,31.3,4104,20.01
42814.0,-5.4,26.3,131328,-11.60
42846.0,10.5,31.2,4104,18.60
42877.0,-4.9,25.9,131328,-10.71
42908.0,10.2,30.8,4104,18.32
42939.0,-5.2,25.3,131328,-11.61
42970.0,10.8,30.2,4104,19.68
43001.0,-5.3,25.0,131328,-11.97
43033.0,10.8,30.2,4104,19.68
43064.0,-5.3,24.7,131328,-12.11
43095.0,10.7,30.1,4104,19.57
43126.0,-5.2,24.3,131328,-12.08
43157.0,10.3,30.0,4104,18.95
43189.0,-5.3,24.0,131328,-12.45
43220.0,10.1,29.9,4104,18.66
43251.0,-5.3,23.7,131328,-12.61
43282.0,10.4,29.5,4104,19.42
43313.0,-5.4,23.5,131328,-12.94
43345.0,9.8,29.5,4104,18.38
43376.0,-5.4,23.0,131328,-13.21
43407.0,9.8,28.9,4104,18.73
43438.0,-5.5,22.8,131328,-13.56
43469.0,9.4,29.2,4104,17.84
43500.0,-5.5,22.6,131328,-13.68
43532.0,9.8,29.1,4104,18.61
43563.0,-5.6,22.3,131328,-14.10
43594.0,9.8,28.6,4104,18.91
43625.0,-5.4,22.2,131328,-13.67
43656.0,9.3,28.8,4104,17.90
43688.0,-5.4,21.8,131328,-13.91
43719.0,9.6,28.4,4104,18.68
43750.0,-5.4,21.7,131328,-13.97
43781.0,9.5,28.6,4104,18.37
43812.0,-5.7,21.4,131328,-14.91
43844.0,9.1,28.5,4104,17.71
43875.0,-5.6,21.3,131328,-14.73
43906.0,9.3,27.9,4104,18.43
43937.0,-5.6,21.1,131328,-14.86
43968.0,9.8,28.2,4104,19.16
44000.0,-5.7,21.0,131328,-15.19
44031.0,9.6,28.1,4104,18.86
44062.0,-5.3,20.9,131328,-14.23
44093.0,8.9,28.1,4104,17.57
44124.0,-5.6,20.6,131328,-15.21
44155.0,8.8,27.9,4104,17.51
44187.0,-5.6,20.4,131328,-15.35
44218.0,9.0,27.5,4104,18.12
44249.0,-5.6,20.3,131328,-15.42
44280.0,8.7,27.8,4104,17.38
44311.0,-5.7,20.1,131328,-15.83
44343.0,9.2,27.6,4104,18.43
44374.0,-5.7,20.1,131328,-15.83
44405.0,9.2,27.5,4104,18.50
44436.0,-5.5,20.0,131328,-15.38
44467.0,9.3,27.5,4104,18.68
44499.0,-5.6,19.9,131328,-15.72
44530.0,8.6,27.6,4104,17.31
44561.0,-5.7,19.9,131328,-15.98
44592.0,8.7,27.7,4104,17.44
44623.0,-5.7,19.7,131328,-16.14
44654.0,9.1,27.5,4104,18.31
44686.0,-5.7,19.7,131328,-16.14
44717.0,8.6,27.5,4104,17.37
44748.0,-5.7,19.7,131328,-16.14
44779.0,8.8,27.1,4104,17.99
44810.0,-5.9,19.6,131328,-16.75
44842.0,9.2,27.4,4104,18.56
44873.0,-5.7,19.7,131328,-16.14
44904.0,8.5,27.7,4104,17.06
44935.0,-5.8,19.8,131328,-16.33
44966.0,9.1,27.4,4104,18.37
44998.0,-5.7,19.8,131328,-16.06
45029.0,9.1,27.5,4104,18.31
45060.0,-5.7,19.8,131328,-16.06
45091.0,9.2,27.4,4104,18.56
45122.0,-5.7,19.8,131328,-16.06
45153.0,8.8,27.5,4104,17.74
45185.0,-5.8,19.8,131328,-16.33
45216.0,9.3,27.5,4104,18.68
45247.0,-5.8,19.8,131328,-16.33
45278.0,8.6,27.2,4104,17.55
45309.0,-5.7,19.7,131328,-16.14
45341.0,9.4,27.7,4104,18.74
45372.0,-6.0,19.7,131328,-16.94
45403.0,8.6,27.7,4104,17.25
45434.0,-5.9,19.8,131328,-16.59
45465.0,9.0,27.3,4104,18.25
45497.0,-6.0,19.8,131328,-16.86
45528.0,9.2,27.4,4104,18.56
45559.0,-5.8,19.8,131328,-16.33
45590.0,8.5,27.7,4104,17.06
45621.0,-5.9,19.8,131328,-16.59
45653.0,9.0,27.4,4104,18.18
45684.0,-5.9,19.8,131328,-16.59
45715.0,8.8,27.3,4104,17.87
45746.0,-5.9,19.8,131328,-16.59
45777.0,9.2,27.5,4104,18.50
45808.0,-5.7,19.9,131328,-15.98
45840.0,9.5,27.8,4104,18.87
45871.0,-5.6,19.9,131328,-15.72
45902.0,8.7,27.7,4104,17.44
45933.0,-5.8,20.0,131328,-16.17
45964.0,9.4,27.6,4104,18.81
45996.0,-5.7,20.1,131328,-15.83
46027.0,9.0,28.0,4104,17.82
46058.0,-5.7,20.2,131328,-15.76
46089.0,9.0,27.5,4104,18.12
46120.0,-5.7,20.4,131328,-15.61
46152.0,9.7,28.0,4104,19.11
46183.0,-5.9,20.7,131328,-15.91
46214.0,9.0,28.0,4104,17.82
46245.0,-5.9,20.8,131328,-15.84
46276.0,9.6,28.1,4104,18.86
46307.0,-5.8,21.1,131328,-15.37
46339.0,9.2,28.3,4104,18.01
46370.0,-5.8,21.4,131328,-15.16
46401.0,9.4,28.8,4104,18.08
46432.0,-5.7,21.7,131328,-14.72
46463.0,9.1,28.4,4104,17.77
46495.0,-5.6,21.9,131328,-14.34
46526.0,9.3,29.0,4104,17.78
46557.0,-5.7,22.3,131328,-14.34
46588.0,10.0,29.0,4104,19.03
46619.0,-5.6,22.7,131328,-13.86
46651.0,10.0,29.5,4104,18.73
46682.0,-5.5,23.0,131328,-13.45
46713.0,10.2,29.3,4104,19.19
46744.0,-5.6,23.4,131328,-13.46
46775.0,9.7,29.8,4104,18.03
46807.0,-5.5,23.7,131328,-13.07
46838.0,10.3,29.8,4104,19.07
46869.0,-5.4,24.1,131328,-12.63
46900.0,9.9,30.1,4104,18.21
46931.0,-5.4,24.5,131328,-12.43
46962.0,10.7,30.5,4104,19.33
46994.0,-5.4,24.9,131328,-12.24
47025.0,10.3,30.3,4104,18.77
47056.0,-5.1,25.4,131328,-11.35
47087.0,10.4,30.7,4104,18.71
47118.0,-5.4,25.8,131328,-11.82
47150.0,10.7,31.0,4104,19.04
47181.0,-5.4,26.2,131328,-11.65
47212.0,11.1,31.3,4104,19.53
47243.0,-5.4,26.5,131328,-11.52
47274.0,11.0,31.9,4104,19.03
47306.0,-5.3,27.1,131328,-11.07
47337.0,10.7,32.0,4104,18.49
47368.0,-5.4,27.3,131328,-11.19
47399.0,11.1,31.7,4104,19.30
47430.0,-5.4,27.7,131328,-11.03
47461.0,11.5,32.0,4104,19.77
47493.0,-5.4,27.7,131328,-11.03
47524.0,11.3,32.6,4104,19.12
47555.0,-5.3,28.0,131328,-10.72
47586.0,11.3,32.1,4104,19.39
47617.0,-5.4,28.2,131328,-10.84
47649.0,11.7,32.6,4104,19.74
47680.0,-5.3,28.4,131328,-10.57
47711.0,11.5,33.1,4104,19.16
47742.0,-5.4,28.6,131328,-10.69
47773.0,12.0,33.0,4104,19.98
47805.0,-5.4,28.7,131328,-10.66
47836.0,11.5,32.7,4104,19.38
47867.0,-5.5,28.8,131328,-10.81
47898.0,11.6,32.7,4104,19.53
47929.0,-5.6,28.8,131328,-11.00
47961.0,11.6,33.2,4104,19.26
47992.0,-5.5,28.7,131328,-10.85
48023.0,11.7,33.1,4104,19.47
48054.0,-5.6,28.6,131328,-11.08
48085.0,11.2,32.7,4104,18.91
48116.0,-5.4,28.6,131328,-10.69
48148.0,12.0,32.8,4104,20.10
48179.0,-5.4,28.5,131328,-10.73
48210.0,11.3,32.9,4104,18.96
48241.0,-5.0,28.5,131328,-9.95
48272.0,11.3,32.8,4104,19.01
48304.0,-5.4,28.3,131328,-10.80
48335.0,11.6,32.5,4104,19.64
48366.0,-5.2,28.1,131328,-10.48
48397.0,11.3,32.1,4104,19.39
48428.0,-5.4,28.0,131328,-10.92
48460.0,11.6,32.2,4104,19.81
48491.0,-5.2,27.7,131328,-10.63
48522.0,10.8,32.3,4104,18.49
48553.0,-5.3,27.4,131328,-10.95
48584.0,10.8,32.2,4104,18.54
48615.0,-5.4,27.1,131328,-11.27
48647.0,11.4,31.8,4104,19.72
48678.0,-5.3,26.7,131328,-11.23
48709.0,11.1,31.3,4104,19.53
48740.0,-5.2,26.5,131328,-11.10
48771.0,11.3,31.3,4104,19.85
48803.0,-5.1,26.2,131328,-11.02
48834.0,10.2,30.7,4104,18.38
48865.0,-5.3,25.8,131328,-11.61
48896.0,10.2,30.9,4104,18.27
48927.0,-5.2,25.5,131328,-11.53
48959.0,10.9,30.6,4104,19.61
48990.0,-5.4,25.3,131328,-12.05
49021.0,10.8,30.7,4104,19.38
49052.0,-5.3,25.1,131328,-11.92
49083.0,10.3,30.1,4104,18.89
49115.0,-5.4,24.7,131328,-12.33
49146.0,10.7,30.3,4104,19.45
49177.0,-5.2,24.5,131328,-11.98
49208.0,9.9,30.1,4104,18.21
49239.0,-5.4,24.2,131328,-12.58
49270.0,10.2,30.2,4104,18.66
49302.0,-5.3,24.0,131328,-12.45
49333.0,10.2,29.6,4104,19.01
49364.0,-5.4,23.8,131328,-12.78
49395.0,10.3,29.8,4104,19.07
49426.0,-5.0,23.8,131328,-11.86
49458.0,10.0,29.8,4104,18.55
49489.0,-5.3,23.5,131328,-12.71
49520.0,10.5,29.6,4104,19.53
49551.0,-5.4,23.4,131328,-12.99
49582.0,10.3,29.5,4104,19.25
49614.0,-5.5,23.2,131328,-13.34
49645.0,10.2,29.2,4104,19.26
49676.0,-5.3,22.9,131328,-13.03
49707.0,9.9,29.4,4104,18.61
49738.0,-5.5,22.7,131328,-13.62
49769.0,9.6,28.8,4104,18.43
49801.0,-5.5,22.4,131328,-13.80
49832.0,9.8,29.3,4104,18.49
49863.0,-5.6,22.3,131328,-14.10
49894.0,10.1,28.9,4104,19.26
49925.0,-5.3,22.1,131328,-13.49
49957.0,9.5,28.9,4104,18.20
49988.0,-5.6,21.7,131328,-14.47
50019.0,9.5,28.6,4104,18.37
50050.0,-5.7,21.6,131328,-14.78
50081.0,9.4,28.1,4104,18.50
50113.0,-5.5,21.3,131328,-14.48
50144.0,9.7,28.5,4104,18.80
50175.0,-5.6,21.1,131328,-14.86
50206.0,9.0,28.4,4104,17.58
50237.0,-5.5,21.0,131328,-14.68
50269.0,9.1,28.0,4104,18.00
50300.0,-5.8,20.8,131328,-15.58
50331.0,9.5,28.0,4104,18.74
50362.0,-5.6,20.7,131328,-15.14
50393.0,9.7,28.1,4104,19.04
50424.0,-5.5,20.7,131328,-14.88
50456.0,9.1,27.7,4104,18.19
50487.0,-5.7,20.4,131328,-15.61
50518.0,9.0,28.2,4104,17.70
50549.0,-5.7,20.4,131328,-15.61
50580.0,9.3,27.8,4104,18.50
50612.0,-5.7,20.3,131328,-15.68
50643.0,8.6,28.0,4104,17.07
50674.0,-5.8,20.4,131328,-15.87
50705.0,9.0,27.6,4104,18.06
50736.0,-5.8,20.2,131328,-16.02
50768.0,9.0,28.1,4104,17.76
50799.0,-5.8,20.0,131328,-16.17
50830.0,8.9,27.8,4104,17.75
50861.0,-5.9,20.2,131328,-16.28
50892.0,9.1,28.1,4104,17.94
50923.0,-5.9,20.1,131328,-16.36
50955.0,9.5,27.9,4104,18.80
50986.0,-5.8,20.2,131328,-16.02
51017.0,9.4,28.1,4104,18.50
51048.0,-5.8,20.1,131328,-16.10
51079.0,9.5,28.0,4104,18.74
51111.0,-5.9,20.1,131328,-16.36
51142.0,9.2,27.7,4104,18.37
51173.0,-5.8,20.1,131328,-16.10
51204.0,9.4,27.8,4104,18.68
51235.0,-5.5,20.2,131328,-15.23
51267.0,8.7,27.9,4104,17.32
51298.0,-5.8,20.1,131328,-16.10
51329.0,8.9,28.0,4104,17.63
51360.0,-5.7,20.1,131328,-15.83
51391.0,8.9,28.1,4104,17.57
51423.0,-5.7,20.1,131328,-15.83
51454.0,9.1,28.1,4104,17.94
51485.0,-5.9,20.1,131328,-16.36
51516.0,8.8,28.1,4104,17.39
51547.0,-5.8,20.2,131328,-16.02
51578.0,9.0,27.7,4104,18.00
51610.0,-5.8,20.1,131328,-16.10
51641.0,9.2,28.0,4104,18.19
51672.0,-5.8,20.2,131328,-16.02
51703.0,9.6,28.0,4104,18.92
51734.0,-5.8,20.4,131328,-15.87
51766.0,9.5,28.0,4104,18.74
51797.0,-5.7,20.4,131328,-15.61
51828.0,9.5,28.0,4104,18.74
51859.0,-5.8,20.7,131328,-15.65
51890.0,9.0,28.1,4104,17.76
51922.0,-5.7,20.9,131328,-15.26
51953.0,9.7,28.4,4104,18.86
51984.0,-5.8,21.1,131328,-15.37
52015.0,9.8,28.4,4104,19.04
52046.0,-5.6,21.5,131328,-14.60
52077.0,9.2,28.4,4104,17.95
52109.0,-5.7,21.7,131328,-14.72
52140.0,9.4,28.4,4104,18.31
52171.0,-5.7,21.9,131328,-14.59
52202.0,9.3,28.8,4104,17.90
52233.0,-5.7,22.3,131328,-14.34
52265.0,9.6,28.8,4104,18.43
52296.0,-5.8,22.6,131328,-14.39
52327.0,10.3,29.4,4104,19.31
52358.0,-5.4,23.1,131328,-13.16
52389.0,10.1,29.4,4104,18.96
52421.0,-5.7,23.3,131328,-13.75
52452.0,9.5,29.4,4104,17.91
52483.0,-5.5,23.7,131328,-13.07
52514.0,9.7,29.9,4104,17.97
52545.0,-5.5,24.2,131328,-12.80
52576.0,9.9,30.1,4104,18.21
52608.0,-5.6,24.7,131328,-12.77
52639.0,10.9,30.4,4104,19.73
52670.0,-5.3,24.9,131328,-12.02
52701.0,10.9,30.4,4104,19.73
52732.0,-5.3,25.3,131328,-11.83
52764.0,11.1,30.8,4104,19.82
52795.0,-5.3,25.7,131328,-11.65
52826.0,11.1,31.0,4104,19.70
52857.0,-5.3,26.0,131328,-11.52
52888.0,10.6,31.0,4104,18.88
52920.0,-5.4,26.4,131328,-11.56
52951.0,10.8,31.2,4104,19.09
52982.0,-5.4,26.8,131328,-11.39
53013.0,10.9,31.5,4104,19.09
53044.0,-5.0,27.2,131328,-10.42
53076.0,11.2,31.7,4104,19.46
53107.0,-5.5,27.5,131328,-11.31
53138.0,11.0,32.4,4104,18.75
53169.0,-5.4,27.8,131328,-10.99
53200.0,11.0,32.6,4104,18.65
53231.0,-5.4,28.2,131328,-10.84
53263.0,12.0,32.7,4104,20.15
53294.0,-5.4,28.2,131328,-10.84
53325.0,11.6,32.8,4104,19.48
53356.0,-5.4,28.3,131328,-10.80
53387.0,12.0,32.7,4104,20.15
53419.0,-5.5,28.4,131328,-10.96
53450.0,11.4,32.9,4104,19.11
53481.0,-5.5,28.5,131328,-10.92
53512.0,11.9,32.7,4104,20.00
53543.0,-5.5,28.5,131328,-10.92
53575.0,12.1,32.9,4104,20.19
53606.0,-5.6,28.5,131328,-11.12
53637.0,11.1,32.6,4104,18.80
53668.0,-5.5,28.6,131328,-10.89
53699.0,11.5,32.4,4104,19.54
53730.0,-5.7,28.4,131328,-11.35
53762.0,11.5,32.5,4104,19.49
53793.0,-5.4,28.2,131328,-10.84
53824.0,11.9,32.6,4104,20.05
53855.0,-5.4,28.0,131328,-10.92
53886.0,11.6,32.1,4104,19.87
53918.0,-5.3,27.5,131328,-10.91
53949.0,10.8,31.9,4104,18.70
53980.0,-5.3,27.1,131328,-11.07
54011.0,11.0,31.3,4104,19.36
54042.0,-5.5,26.6,131328,-11.68
54074.0,11.4,31.4,4104,19.95
54105.0,-5.3,26.3,131328,-11.39
54136.0,10.5,31.0,4104,18.71
54167.0,-5.2,25.9,131328,-11.35
54198.0,10.9,30.7,4104,19.55
54230.0,-5.0,25.6,131328,-11.05
54261.0,11.1,30.8,4104,19.82
54292.0,-5.4,25.1,131328,-12.14
54323.0,10.3,30.1,4104,18.89
54354.0,-5.4,24.8,131328,-12.28
54385.0,10.2,29.8,4104,18.90
54417.0,-5.4,24.5,131328,-12.43
54448.0,10.7,30.1,4104,19.57
54479.0,-5.4,24.1,131328,-12.63
54510.0,10.6,29.9,4104,19.52
54541.0,-5.3,23.9,131328,-12.50
54573.0,9.8,29.5,4104,18.38
54604.0,-5.5,23.5,131328,-13.17
54635.0,10.3,29.5,4104,19.25
54666.0,-5.5,23.2,131328,-13.34
54697.0,9.5,29.3,4104,17.96
54729.0,-5.5,22.9,131328,-13.51
54760.0,9.7,29.0,4104,18.49
54791.0,-5.6,22.6,131328,-13.92
54822.0,9.1,28.8,4104,17.54
54853.0,-5.6,22.5,131328,-13.98
54884.0,9.6,28.6,4104,18.56
54916.0,-5.6,22.1,131328,-14.22
54947.0,10.1,28.8,4104,19.33
54978.0,-5.5,22.2,131328,-13.91
55009.0,9.8,28.6,4104,18.91
55040.0,-5.6,22.0,131328,-14.28
55072.0,10.1,28.8,4104,19.33
55103.0,-5.4,21.8,131328,-13.91
55134.0,9.8,28.4,4104,19.04
55165.0,-5.5,21.7,131328,-14.22
55196.0,9.4,28.4,4104,18.31
55228.0,-5.6,21.6,131328,-14.53
55259.0,10.0,28.6,4104,19.27
55290.0,-5.5,21.4,131328,-14.41
55321.0,10.0,28.5,4104,19.33
55352.0,-5.5,21.3,131328,-14.48
55384.0,9.0,28.5,4104,17.53
55415.0,-5.5,21.4,131328,-14.41
55446.0,9.4,28.2,4104,18.43
55477.0,-5.6,21.1,131328,-14.86
55508.0,9.2,27.9,4104,18.25
55539.0,-5.8,20.9,131328,-15.51
55571.0,9.2,28.4,4104,17.95
55602.0,-5.8,20.7,131328,-15.65
55633.0,9.4,28.0,4104,18.56
55664.0,-5.8,20.8,131328,-15.58
55695.0,9.7,28.3,4104,18.92
55727.0,-5.8,20.7,131328,-15.65
55758.0,9.8,28.2,4104,19.16
55789.0,-5.7,20.7,131328,-15.40
55820.0,9.6,28.0,4104,18.92
55851.0,-5.7,20.7,131328,-15.40
55883.0,8.9,28.1,4104,17.57
55914.0,-5.8,20.6,131328,-15.72
55945.0,9.6,27.9,4104,18.99
55976.0,-5.7,20.6,131328,-15.47
56007.0,9.0,27.7,4104,18.00
56038.0,-5.6,20.4,131328,-15.35
56070.0,9.7,28.2,4104,18.98
56101.0,-5.8,20.5,131328,-15.80
56132.0,8.8,28.1,4104,17.39
56163.0,-5.7,20.4,131328,-15.61
56194.0,9.1,27.7,4104,18.19
56226.0,-5.8,20.2,131328,-16.02
56257.0,9.2,27.8,4104,18.31
56288.0,-5.7,20.4,131328,-15.61
56319.0,9.4,27.8,4104,18.68
56350.0,-5.7,20.3,131328,-15.68
56382.0,8.7,28.0,4104,17.26
56413.0,-5.9,20.3,131328,-16.21
56444.0,9.6,27.9,4104,18.99
56475.0,-5.9,20.3,131328,-16.21
56506.0,8.8,28.1,4104,17.39
56538.0,-5.8,20.3,131328,-15.95
56569.0,8.9,27.9,4104,17.69
56600.0,-5.9,20.3,131328,-16.21
56631.0,8.7,28.0,4104,17.26
56662.0,-6.0,20.2,131328,-16.54
56693.0,9.6,28.0,4104,18.92
56725.0,-5.9,20.2,131328,-16.28
56756.0,9.5,27.8,4104,18.87
56787.0,-5.7,20.3,131328,-15.68
56818.0,9.6,27.9,4104,18.99
56849.0,-5.7,20.4,131328,-15.61
56881.0,9.6,28.1,4104,18.86
56912.0,-5.9,20.4,131328,-16.13
56943.0,8.9,28.0,4104,17.63
56974.0,-5.7,20.5,131328,-15.54
57005.0,9.6,28.0,4104,18.92
57037.0,-5.7,20.7,131328,-15.40
57068.0,9.1,28.0,4104,18.00
57099.0,-5.8,20.9,131328,-15.51
57130.0,9.5,28.3,4104,18.56
57161.0,-5.7,21.2,131328,-15.05
57192.0,9.7,28.4,4104,18.86
57224.0,-5.4,21.5,131328,-14.10
57255.0,9.3,28.8,4104,17.90
57286.0,-5.7,21.7,131328,-14.72
57317.0,9.6,29.0,4104,18.32
57348.0,-5.8,22.0,131328,-14.77
57380.0,9.7,28.7,4104,18.67
57411.0,-5.6,22.2,131328,-14.16
57442.0,10.1,29.2,4104,19.08
57473.0,-5.3,22.7,131328,-13.14
57504.0,9.6,29.5,4104,18.03
57536.0,-5.5,23.0,131328,-13.45
57567.0,9.6,29.5,4104,18.03
57598.0,-5.7,23.3,131328,-13.75
57629.0,10.4,29.6,4104,19.36
57660.0,-5.4,23.6,131328,-12.89
57692.0,9.8,30.0,4104,18.09
57723.0,-5.5,24.0,131328,-12.91
57754.0,10.1,29.7,4104,18.78
57785.0,-5.5,24.2,131328,-12.80
57816.0,9.8,30.3,4104,17.92
57847.0,-5.5,24.6,131328,-12.60
57879.0,10.8,30.2,4104,19.68
57910.0,-5.3,24.9,131328,-12.02
57941.0,10.3,30.2,4104,18.83
57972.0,-5.4,25.2,131328,-12.09
58003.0,10.8,30.5,4104,19.50
58035.0,-5.4,25.5,131328,-11.96
58066.0,10.6,30.5,4104,19.16
58097.0,-5.5,25.8,131328,-12.03
58128.0,10.4,31.1,4104,18.49
58159.0,-5.4,26.2,131328,-11.65
58191.0,11.4,31.5,4104,19.90
58222.0,-5.3,26.5,131328,-11.31
58253.0,11.2,31.5,4104,19.57
58284.0,-5.4,26.9,131328,-11.35
58315.0,10.9,31.7,4104,18.98
58346.0,-5.5,27.3,131328,-11.39
58378.0,11.2,31.7,4104,19.46
58409.0,-5.0,27.5,131328,-10.30
58440.0,11.4,31.9,4104,19.67
58471.0,-5.4,27.4,131328,-11.15
58502.0,10.9,32.1,4104,18.76
58534.0,-5.3,27.6,131328,-10.87
58565.0,11.4,32.0,4104,19.61
58596.0,-5.4,27.6,131328,-11.07
58627.0,11.2,32.0,4104,19.29
58658.0,-5.3,28.0,131328,-10.72
58690.0,11.7,32.2,4104,19.97
58721.0,-5.2,27.9,131328,-10.56
58752.0,11.2,32.5,4104,19.01
58783.0,-5.4,27.9,131328,-10.95
58814.0,11.3,32.0,4104,19.45
58846.0,-5.5,27.7,131328,-11.23
58877.0,11.0,32.2,4104,18.86
58908.0,-5.3,27.8,131328,-10.79
58939.0,11.8,32.2,4104,20.13
58970.0,-5.4,27.5,131328,-11.11
59001.0,11.5,32.0,4104,19.77
59033.0,-5.3,27.2,131328,-11.03
59064.0,10.9,31.9,4104,18.86
59095.0,-5.3,26.7,131328,-11.23
59126.0,11.0,31.1,4104,19.48
59157.0,-5.4,26.4,131328,-11.56
59189.0,11.1,31.1,4104,19.64
59220.0,-5.3,26.0,131328,-11.52
59251.0,10.5,31.1,4104,18.66
59282.0,-5.3,25.8,131328,-11.61
59313.0,10.3,30.8,4104,18.49
59345.0,-5.2,25.4,131328,-11.57
59376.0,10.7,30.3,4104,19.45
59407.0,-5.5,24.9,131328,-12.46
59438.0,10.2,30.5,4104,18.49
59469.0,-5.2,24.7,131328,-11.89
59500.0,10.5,29.9,4104,19.35
59532.0,-5.4,24.4,131328,-12.48
59563.0,10.6,29.7,4104,19.64
59594.0,-4.9,24.3,131328,-11.40
59625.0,10.5,29.9,4104,19.35
59656.0,-5.3,23.7,131328,-12.61
59688.0,9.9,29.3,4104,18.67
59719.0,-5.5,23.4,131328,-13.23
59750.0,9.8,29.2,4104,18.55
59781.0,-5.4,23.2,131328,-13.10
59812.0,9.9,29.3,4104,18.67
59844.0,-5.4,22.9,131328,-13.27
59875.0,9.7,28.8,4104,18.61
59906.0,-5.6,22.7,131328,-13.86
59937.0,10.2,28.9,4104,19.44
59968.0,-5.2,22.4,131328,-13.07
60000.0,9.6,28.5,4104,18.62
60031.0,-5.6,22.1,131328,-14.22
60062.0,10.1,28.8,4104,19.33
60093.0,-5.4,22.1,131328,-13.73
60124.0,9.4,28.9,4104,18.02
60155.0,-5.5,21.7,131328,-14.22
60187.0,9.6,28.6,4104,18.56
60218.0,-5.8,21.8,131328,-14.90
60249.0,9.4,28.3,4104,18.37
60280.0,-5.7,21.4,131328,-14.91
60311.0,9.9,28.5,4104,19.16
60343.0,-5.6,21.4,131328,-14.66
60374.0,9.9,28.4,4104,19.22
60405.0,-5.7,21.4,131328,-14.91
60436.0,9.2,28.3,4104,18.01
60467.0,-5.8,21.1,131328,-15.37
60499.0,9.3,28.0,4104,18.37
60530.0,-5.8,21.1,131328,-15.37
60561.0,9.7,28.3,4104,18.92
60592.0,-5.6,21.0,131328,-14.93
60623.0,9.6,28.1,4104,18.86
60654.0,-5.8,20.8,131328,-15.58
60686.0,9.5,28.0,4104,18.74
60717.0,-5.7,20.9,131328,-15.26
60748.0,9.1,27.8,4104,18.13
60779.0,-5.9,20.6,131328,-15.98
60810.0,9.2,27.6,4104,18.43
60842.0,-5.7,20.6,131328,-15.47
60873.0,8.9,28.0,4104,17.63
60904.0,-5.8,20.7,131328,-15.65
60935.0,9.6,28.0,4104,18.92
60966.0,-5.7,20.7,131328,-15.40
60998.0,9.0,27.8,4104,17.94
61029.0,-5.7,20.6,131328,-15.47
61060.0,9.3,27.8,4104,18.50
61091.0,-5.7,20.6,131328,-15.47
61122.0,9.2,28.1,4104,18.13
61153.0,-5.7,20.5,131328,-15.54
61185.0,9.4,27.8,4104,18.68
61216.0,-5.7,20.4,131328,-15.61
61247.0,8.8,27.9,4104,17.51
61278.0,-5.8,20.5,131328,-15.80
61309.0,9.4,27.8,4104,18.68
61341.0,-5.6,20.4,131328,-15.35
61372.0,9.6,28.1,4104,18.86
61403.0,-5.5,20.5,131328,-15.02
61434.0,9.2,27.7,4104,18.37
61465.0,-5.6,20.4,131328,-15.35
61497.0,9.0,28.2,4104,17.70
61528.0,-5.8,20.3,131328,-15.95
61559.0,9.5,28.0,4104,18.74
61590.0,-5.8,20.3,131328,-15.95
61621.0,9.1,27.7,4104,18.19
61653.0,-5.9,20.3,131328,-16.21
61684.0,8.8,27.9,4104,17.51
61715.0,-5.7,20.3,131328,-15.68
61746.0,9.5,27.8,4104,18.87
61777.0,-5.7,20.4,131328,-15.61
61808.0,9.0,27.6,4104,18.06
61840.0,-5.7,20.3,131328,-15.68
61871.0,9.0,27.6,4104,18.06
61902.0,-5.7,20.3,131328,-15.68
61933.0,9.4,27.8,4104,18.68
61964.0,-5.6,20.5,131328,-15.28
61996.0,9.2,28.1,4104,18.13
62027.0,-5.7,20.6,131328,-15.47
62058.0,9.8,28.2,4104,19.16
62089.0,-5.9,20.8,131328,-15.84
62120.0,9.6,28.0,4104,18.92
62152.0,-5.6,20.8,131328,-15.07
62183.0,8.9,28.2,4104,17.52
62214.0,-5.7,20.9,131328,-15.26
62245.0,9.2,27.9,4104,18.25
62276.0,-5.6,21.0,131328,-14.93
62307.0,9.3,28.0,4104,18.37
62339.0,-5.8,21.2,131328,-15.30
62370.0,9.7,28.5,4104,18.80
62401.0,-5.7,21.5,131328,-14.85
62432.0,9.4,28.1,4104,18.50
62463.0,-5.7,21.5,131328,-14.85
62495.0,9.3,28.2,4104,18.25
62526.0,-5.7,21.7,131328,-14.72
62557.0,10.0,28.8,4104,19.15
62588.0,-5.7,22.3,131328,-14.34
62619.0,9.8,28.9,4104,18.73
62651.0,-5.6,22.4,131328,-14.04
62682.0,9.8,29.3,4104,18.49
62713.0,-5.6,22.8,131328,-13.80
62744.0,10.1,29.1,4104,19.14
62775.0,-5.6,23.0,131328,-13.68
62807.0,9.6,29.5,4104,18.03
62838.0,-5.5,23.5,131328,-13.17
62869.0,9.9,29.6,4104,18.49
62900.0,-5.4,23.9,131328,-12.73
62931.0,10.5,29.9,4104,19.35
62962.0,-5.2,24.3,131328,-12.08
62994.0,10.8,30.2,4104,19.68
63025.0,-5.4,24.6,131328,-12.38
63056.0,10.8,30.2,4104,19.68
63087.0,-5.2,25.0,131328,-11.75
63118.0,10.8,30.3,4104,19.62
63150.0,-5.1,25.3,131328,-11.40
63181.0,10.4,30.4,4104,18.89
63212.0,-5.1,25.8,131328,-11.18
63243.0,10.6,30.7,4104,19.05
63274.0,-5.4,26.1,131328,-11.69
63306.0,11.0,31.4,4104,19.31
63337.0,-5.3,26.5,131328,-11.31
63368.0,10.8,31.5,4104,18.92
63399.0,-5.4,26.9,131328,-11.35
63430.0,11.0,31.4,4104,19.31
63461.0,-5.4,27.2,131328,-11.23
63493.0,11.0,31.6,4104,19.19
63524.0,-5.4,27.4,131328,-11.15
63555.0,11.7,32.1,4104,20.03
63586.0,-5.4,27.6,131328,-11.07
63617.0,11.4,32.2,4104,19.50
63649.0,-5.5,27.7,131328,-11.23
63680.0,10.8,32.2,4104,18.54
63711.0,-5.3,27.7,131328,-10.83
63742.0,11.8,32.3,4104,20.07
63773.0,-5.3,27.8,131328,-10.79
63805.0,10.8,32.4,4104,18.43
63836.0,-5.3,27.9,131328,-10.76
63867.0,11.1,31.9,4104,19.19
63898.0,-5.5,27.8,131328,-11.19
63929.0,11.2,31.9,4104,19.35
63961.0,-5.4,27.7,131328,-11.03
63992.0,10.9,32.2,4104,18.70
64023.0,-5.4,27.4,131328,-11.15
64054.0,11.5,31.8,4104,19.88
64085.0,-5.2,27.0,131328,-10.90
64116.0,10.9,31.2,4104,19.26
64148.0,-5.2,26.5,131328,-11.10
64179.0,11.3,31.3,4104,19.85
64210.0,-5.3,26.0,131328,-11.52
64241.0,11.0,30.8,4104,19.65
64272.0,-5.2,25.5,131328,-11.53
64304.0,10.4,30.2,4104,19.00
64335.0,-5.3,25.2,131328,-11.88
64366.0,10.8,30.3,4104,19.62
64397.0,-5.0,24.7,131328,-11.44
64428.0,9.8,30.0,4104,18.09
64460.0,-5.3,24.1,131328,-12.40
64491.0,10.5,29.7,4104,19.47
64522.0,-5.1,23.8,131328,-12.09
64553.0,10.2,29.3,4104,19.19
64584.0,-5.2,23.5,131328,-12.48
64615.0,9.8,28.9,4104,18.73
64647.0,-5.4,22.9,131328,-13.27
64678.0,9.7,28.8,4104,18.61
64709.0,-5.5,22.8,131328,-13.56
64740.0,9.9,28.8,4104,18.97
64771.0,-5.3,22.5,131328,-13.25
64803.0,9.9,28.6,4104,19.09
64834.0,-5.5,22.4,131328,-13.80
64865.0,9.5,29.0,4104,18.14
64896.0,-5.6,21.9,131328,-14.34
64927.0,9.4,28.3,4104,18.37
64959.0,-5.6,21.9,131328,-14.34
64990.0,9.0,28.3,4104,17.64
65021.0,-5.5,21.5,131328,-14.35
65052.0,9.2,28.3,4104,18.01
65083.0,-5.7,21.5,131328,-14.85
65115.0,9.0,28.3,4104,17.64
65146.0,-5.6,21.4,131328,-14.66
65177.0,9.2,27.8,4104,18.31
65208.0,-5.7,21.1,131328,-15.12
65239.0,9.6,28.3,4104,18.74
65270.0,-5.7,21.1,131328,-15.12
65302.0,9.6,28.1,4104,18.86
65333.0,-5.4,21.0,131328,-14.42
65364.0,9.2,27.9,4104,18.25
65395.0,-5.7,20.7,131328,-15.40
65426.0,9.5,28.0,4104,18.74
65458.0,-5.6,20.8,131328,-15.07
65489.0,9.3,27.7,4104,18.56
65520.0,-5.6,20.6,131328,-15.21
65551.0,9.0,28.1,4104,17.76
65582.0,-5.4,20.8,131328,-14.55
65614.0,9.2,28.2,4104,18.07
65645.0,-5.7,20.4,131328,-15.61
